<?xml version="1.0" encoding="UTF-8"?>
<!DOCTYPE book PUBLIC "-//OASIS//DTD DocBook XML V4.5//EN" "http://www.oasis-open.org/docbook/xml/4.5/docbookx.dtd">
<?asciidoc-toc?>
<?asciidoc-numbered?>
<book xmlns="http://docbook.org/ns/docbook" lang="en">
<bookinfo>
<title><inlinemediaobject>
  <imageobject>
    <imagedata fileref="images/arc42-logo.png"/>
  </imageobject>
  <textobject><phrase>arc42</phrase></textobject>
</inlinemediaobject> Template</title>
<date>2015-04-22</date>



</bookinfo>
<chapter id="_about_arc42">
<title>About arc42</title>
<simpara role="lead">arc42, the Template for documentation of
software and system architecture.</simpara>
<simpara>By Dr. Gernot Starke, Dr. Peter Hruschka and contributors.</simpara>
<simpara>Template Revision: 6.5 EN (asciidoc-basiert), Juni 2014</simpara>
<simpara>&#169;
We acknowledge that this document uses material from the
arc 42 architecture template, <ulink url="http://www.arc42.de">http://www.arc42.de</ulink>.
Created by Dr. Peter Hruschka &amp; Dr. Gernot Starke.
For additional contributors see <ulink url="http://arc42.de/sonstiges/contributors.html">http://arc42.de/sonstiges/contributors.html</ulink></simpara>
<simpara><?asciidoc-hr?></simpara>

<note>
<simpara>This version of the template contains some help and explanations.
It is used for familiarization with arc42 and the understanding of the concepts.
For documentation of your own system you use better the <emphasis>plain</emphasis> version.</simpara>
</note>

<simpara><?asciidoc-pagebreak?></simpara>

</chapter>
<chapter id="section-introduction-and-goals">
<title>Introduction and Goals</title>
<simpara>The introduction to the architecture documentation should list the driving forces that software architects must consider in their decisions.
This includes on the one hand the fulfillment of functional requirements of the stakeholders, on the other hand the fulfillment of or compliance with required constraints, always in consideration of the architecture goals.</simpara>
<section id="_requirements_overview">
<title>Requirements Overview</title>

</section>
<section id="_quality_goals">
<title>Quality Goals</title>

</section>
<section id="_stakeholders">
<title>Stakeholders</title>
<simpara><?asciidoc-pagebreak?></simpara>

</section>
</chapter>
<chapter id="section-architecture-constraints">
<title>Architecture Constraints</title>
<section id="_technical_constraints">
<title>Technical Constraints</title>
<table frame="all"
    rowsep="1" colsep="1">
<title>List of Technical Constraints</title>
  
  <tgroup cols="2">
    
    <colspec colname="col_1" colwidth="20*"/>
    
    <colspec colname="col_2" colwidth="80*"/>
    
    
    <thead>
      
      <row>
        
        <entry align="center" valign="top" namest="col_1" nameend="col_2">Technical Constraints</entry>
        
      </row>
      
    </thead>
    
    <tbody>
      
      <row>
        
        <entry align="center" valign="top" namest="col_1" nameend="col_2"><simpara><emphasis>Hardware Constraints</emphasis></simpara></entry>
        
      </row>
      
      <row>
        
        <entry align="left" valign="top"><simpara>C1</simpara></entry>
        
        <entry align="left" valign="top"><simpara>insert description here</simpara></entry>
        
      </row>
      
      <row>
        
        <entry align="left" valign="top"><simpara>C2</simpara></entry>
        
        <entry align="left" valign="top"><simpara>insert description here</simpara></entry>
        
      </row>
      
      <row>
        
        <entry align="left" valign="top"><simpara>C3</simpara></entry>
        
        <entry align="left" valign="top"><simpara>insert description here</simpara></entry>
        
      </row>
      
      <row>
        
        <entry align="center" valign="top" namest="col_1" nameend="col_2"><simpara><emphasis>Software Constraints</emphasis></simpara></entry>
        
      </row>
      
      <row>
        
        <entry align="left" valign="top"><simpara>C4</simpara></entry>
        
        <entry align="left" valign="top"><simpara>insert description here</simpara></entry>
        
      </row>
      
      <row>
        
        <entry align="left" valign="top"><simpara>C5</simpara></entry>
        
        <entry align="left" valign="top"><simpara>insert description here</simpara></entry>
        
      </row>
      
      <row>
        
        <entry align="left" valign="top"><simpara>C6</simpara></entry>
        
        <entry align="left" valign="top"><simpara>insert description here</simpara></entry>
        
      </row>
      
      <row>
        
        <entry align="center" valign="top" namest="col_1" nameend="col_2"><simpara><emphasis>Operating System Constraints</emphasis></simpara></entry>
        
      </row>
      
      <row>
        
        <entry align="left" valign="top"><simpara>C7</simpara></entry>
        
        <entry align="left" valign="top"><simpara>insert description here</simpara></entry>
        
      </row>
      
      <row>
        
        <entry align="left" valign="top"><simpara>C8</simpara></entry>
        
        <entry align="left" valign="top"><simpara>insert description here</simpara></entry>
        
      </row>
      
      <row>
        
        <entry align="left" valign="top"><simpara>C9</simpara></entry>
        
        <entry align="left" valign="top"><simpara>insert description here</simpara></entry>
        
      </row>
      
      <row>
        
        <entry align="center" valign="top" namest="col_1" nameend="col_2"><simpara><emphasis>Programming Constraints</emphasis></simpara></entry>
        
      </row>
      
      <row>
        
        <entry align="left" valign="top"><simpara>C10</simpara></entry>
        
        <entry align="left" valign="top"><simpara>insert description here</simpara></entry>
        
      </row>
      
      <row>
        
        <entry align="left" valign="top"><simpara>C11</simpara></entry>
        
        <entry align="left" valign="top"><simpara>insert description here</simpara></entry>
        
      </row>
      
      <row>
        
        <entry align="left" valign="top"><simpara>C12</simpara></entry>
        
        <entry align="left" valign="top"><simpara>insert description here</simpara></entry>
        
      </row>
      
    </tbody>
    
  </tgroup>
</table>

</section>
<section id="_organizational_constraints">
<title>Organizational Constraints</title>
<table frame="all"
    rowsep="1" colsep="1">
<title>List of Organizational Constraints</title>
  
  <tgroup cols="2">
    
    <colspec colname="col_1" colwidth="20*"/>
    
    <colspec colname="col_2" colwidth="80*"/>
    
    
    <thead>
      
      <row>
        
        <entry align="center" valign="top" namest="col_1" nameend="col_2">Organizational Constraints</entry>
        
      </row>
      
    </thead>
    
    <tbody>
      
      <row>
        
        <entry align="center" valign="top" namest="col_1" nameend="col_2"><simpara><emphasis>Organization and Structure</emphasis></simpara></entry>
        
      </row>
      
      <row>
        
        <entry align="left" valign="top"><simpara>C1</simpara></entry>
        
        <entry align="left" valign="top"><simpara>insert description here</simpara></entry>
        
      </row>
      
      <row>
        
        <entry align="left" valign="top"><simpara>C2</simpara></entry>
        
        <entry align="left" valign="top"><simpara>insert description here</simpara></entry>
        
      </row>
      
      <row>
        
        <entry align="center" valign="top" namest="col_1" nameend="col_2"><simpara><emphasis>Resources (Budget, Time, Personnel)</emphasis></simpara></entry>
        
      </row>
      
      <row>
        
        <entry align="left" valign="top"><simpara>C3</simpara></entry>
        
        <entry align="left" valign="top"><simpara>insert description here</simpara></entry>
        
      </row>
      
      <row>
        
        <entry align="left" valign="top"><simpara>C4</simpara></entry>
        
        <entry align="left" valign="top"><simpara>insert description here</simpara></entry>
        
      </row>
      
      <row>
        
        <entry align="center" valign="top" namest="col_1" nameend="col_2"><simpara><emphasis>Organizational Standards</emphasis></simpara></entry>
        
      </row>
      
      <row>
        
        <entry align="left" valign="top"><simpara>C5</simpara></entry>
        
        <entry align="left" valign="top"><simpara>insert description here</simpara></entry>
        
      </row>
      
      <row>
        
        <entry align="left" valign="top"><simpara>C6</simpara></entry>
        
        <entry align="left" valign="top"><simpara>insert description here</simpara></entry>
        
      </row>
      
      <row>
        
        <entry align="center" valign="top" namest="col_1" nameend="col_2"><simpara><emphasis>Legal Factors</emphasis></simpara></entry>
        
      </row>
      
      <row>
        
        <entry align="left" valign="top"><simpara>C7</simpara></entry>
        
        <entry align="left" valign="top"><simpara>insert description here</simpara></entry>
        
      </row>
      
      <row>
        
        <entry align="left" valign="top"><simpara>C8</simpara></entry>
        
        <entry align="left" valign="top"><simpara>insert description here</simpara></entry>
        
      </row>
      
    </tbody>
    
  </tgroup>
</table>

</section>
<section id="_conventions">
<title>Conventions</title>
<simpara><?asciidoc-pagebreak?></simpara>

</section>
</chapter>
<chapter id="section-system-scope-and-context">
<title>System Scope and Context</title>
<section id="_business_context">
<title>Business Context</title>

</section>
<section id="_technical_context">
<title>Technical Context</title>

</section>
<section id="_external_interfaces">
<title>External Interfaces</title>
<simpara><?asciidoc-pagebreak?></simpara>

</section>
</chapter>
<chapter id="section-solution-strategy">
<title>Solution Strategy</title>
<simpara><?asciidoc-pagebreak?></simpara>

</chapter>
<chapter id="section-building-block-view">
<title>Building Block View</title>
<section id="_level_1">
<title>Level 1</title>
<simpara>The following diagram shows the main building blocks of the system and their interdependencies:</simpara>
<simpara>&lt;insert overview diagram here&gt;</simpara>
<simpara>Comments regarding structure and interdependencies at Level 1:</simpara>
<section id="_building_block_name_1_black_box_description">
<title>Building Block Name 1 (Black Box Description)</title>
<simpara>&lt;insert the building block’s black box template here&gt;</simpara>
</section>
<section id="_building_block_name_2_black_box_description">
<title>Building Block Name 2 (Black Box Description)</title>
<simpara>&lt;insert the building block’s black box template here&gt;</simpara>
</section>
<section id="_">
<title>&#8230;</title>
<simpara>&lt;insert the building block’s black box template here&gt;</simpara>
</section>
<section id="_building_block_name_n_black_box_description">
<title>Building Block Name n (Black Box Description)</title>
<simpara>&lt;insert the building block’s black box template here&gt;</simpara>
</section>
<section id="_open_issues">
<title>Open Issues</title>

</section>
</section>
<section id="_level_2">
<title>Level 2</title>
<section id="_building_block_name_1_white_box_description">
<title>Building Block Name 1 (White Box Description)</title>
<simpara>&lt;insert diagram of building block 1 here&gt;</simpara>
<section id="_building_block_name_1_1_black_box_description">
<title>Building Block Name 1.1 (Black Box Description)</title>

</section>
<section id="_building_block_name_1_2_black_box_description">
<title>Building Block Name 1.2 (Black Box Description)</title>
<simpara>Structure according to black box template</simpara>
</section>
<section id="__2">
<title>&#8230;</title>

</section>
<section id="_building_block_name_1_n_black_box_description">
<title>Building Block Name 1.n (Black Box Description)</title>

</section>
<section id="_description_of_relationships">
<title>Description of Relationships</title>

</section>
<section id="_open_issues_2">
<title>Open Issues</title>

</section>
</section>
<section id="_building_block_name_2_white_box_description">
<title>Building Block Name 2 (White Box Description)</title>
<simpara>…</simpara>
<simpara>&lt;insert diagram of building block 2 here&gt;</simpara>
<section id="_building_block_name_2_1_black_box_description">
<title>Building Block Name 2.1 (Black Box Description)</title>
<simpara>Structure according to black box template</simpara>
</section>
<section id="_building_block_name_2_2_black_box_description">
<title>Building Block Name 2.2 (Black Box Description)</title>

</section>
<section id="__3">
<title>&#8230;</title>

</section>
<section id="_building_block_name_2_n_black_box_description">
<title>Building Block Name 2.n (Black Box Description)</title>

</section>
<section id="_description_of_relationships_2">
<title>Description of Relationships</title>

</section>
<section id="_open_issues_3">
<title>Open Issues</title>

</section>
</section>
<section id="_building_block_name_3_white_box_description">
<title>Building Block Name 3 (White Box Description)</title>
<simpara>&#8230;</simpara>
<simpara>&lt;insert diagram of building block 3 here&gt;</simpara>
<section id="_building_block_name_3_1_black_box_description">
<title>Building Block Name 3.1 (Black Box Description)</title>

</section>
<section id="_building_block_name_3_2_black_box_description">
<title>Building Block Name 3.2 (Black Box Description)</title>

</section>
<section id="__4">
<title>&#8230;</title>

</section>
<section id="_building_block_name_3_n_black_box_description">
<title>Building Block Name 3.n (Black Box Description)</title>

</section>
<section id="_description_of_relationships_3">
<title>Description of Relationships</title>

</section>
<section id="_open_issues_4">
<title>Open Issues</title>

</section>
</section>
</section>
<section id="_level_3">
<title>Level 3</title>
<simpara><?asciidoc-pagebreak?></simpara>

</section>
</chapter>
<chapter id="section-runtime-view">
<title>Runtime View</title>
<section id="_runtime_scenario_1">
<title>Runtime Scenario 1</title>

</section>
<section id="_runtime_scenario_2">
<title>Runtime Scenario 2</title>

</section>
<section id="__5">
<title>&#8230;</title>
<simpara>some more</simpara>
</section>
<section id="_runtime_scenario_n">
<title>Runtime Scenario n</title>
<simpara><?asciidoc-pagebreak?></simpara>

</section>
</chapter>
<chapter id="section-deployment-view">
<title>Deployment View</title>
<section id="_infrastructure_level_1">
<title>Infrastructure Level 1</title>
<section id="_deployment_diagram_level_1">
<title>Deployment Diagram Level 1</title>

</section>
<section id="_processor_1">
<title>Processor 1</title>
<simpara>&lt;insert node template here&gt;</simpara>
</section>
<section id="_processor_2">
<title>Processor 2</title>
<simpara>&lt;insert node template here&gt;</simpara>
</section>
<section id="__6">
<title>&#8230;</title>

</section>
<section id="_processor_n">
<title>Processor n</title>
<simpara>&lt;insert node template here&gt;</simpara>
</section>
<section id="_channel_1">
<title>Channel 1</title>

</section>
<section id="_channel_2">
<title>Channel 2</title>

</section>
<section id="__7">
<title>&#8230;</title>

</section>
<section id="_channel_m">
<title>Channel m</title>

</section>
</section>
<section id="_infrastructure_level_2">
<title>Infrastructure Level 2</title>
<simpara><?asciidoc-pagebreak?></simpara>

</section>
</chapter>
<chapter id="section-concepts">
<title>Concepts</title>
<section id="_domain_models">
<title>Domain Models</title>

</section>
<section id="_recurring_or_generic_structures_and_patterns">
<title>Recurring or Generic Structures and Patterns</title>
<section id="_recurring_or_generic_structure_1">
<title>Recurring or Generic Structure 1</title>
<simpara>&lt;insert diagram and descriptions here&gt;</simpara>
</section>
<section id="_recurring_or_generic_structure_2">
<title>Recurring or Generic Structure 2</title>
<simpara>&lt;insert diagram and descriptions here&gt;</simpara>
</section>
</section>
<section id="_persistency">
<title>Persistency</title>

</section>
<section id="_user_interface">
<title>User Interface</title>

</section>
<section id="_ergonomics">
<title>Ergonomics</title>

</section>
<section id="_flow_of_control">
<title>Flow of Control</title>

</section>
<section id="_transaction_processing">
<title>Transaction Processing</title>

</section>
<section id="_session_handling">
<title>Session Handling</title>

</section>
<section id="_security">
<title>Security</title>

</section>
<section id="_safety">
<title>Safety</title>

</section>
<section id="_communications_and_integration">
<title>Communications and Integration</title>

</section>
<section id="_distribution">
<title>Distribution</title>

</section>
<section id="_plausibility_and_validity_checks">
<title>Plausibility and Validity Checks</title>

</section>
<section id="_exception_error_handling">
<title>Exception/Error Handling</title>

</section>
<section id="_system_management_and_administration">
<title>System Management and Administration</title>

</section>
<section id="_logging_tracing">
<title>Logging, Tracing</title>

</section>
<section id="_business_rules">
<title>Business Rules</title>

</section>
<section id="_configurability">
<title>Configurability</title>

</section>
<section id="_parallelization_and_threading">
<title>Parallelization and Threading</title>

</section>
<section id="_internationalization">
<title>Internationalization</title>

</section>
<section id="_migration">
<title>Migration</title>

</section>
<section id="_testability">
<title>Testability</title>

</section>
<section id="_scaling_clustering">
<title>Scaling, Clustering</title>

</section>
<section id="_high_availability">
<title>High Availability</title>

</section>
<section id="_code_generation">
<title>Code Generation</title>

</section>
<section id="_build_management">
<title>Build-Management</title>
<simpara><?asciidoc-pagebreak?></simpara>

</section>
</chapter>
<chapter id="section-design-decisions">
<title>Design Decisions</title>
<section id="_decision_topic_template">
<title>Decision Topic Template</title>

</section>
<section id="_decision_topic_1">
<title>Decision Topic 1</title>
<formalpara>
<title>Decision</title>
<para>+</para>
</formalpara>
</section>
<section id="_decision_topic_2">
<title>Decision Topic 2</title>
<simpara>+</simpara>
</section>
<section id="_decision_topic_3">
<title>Decision Topic 3</title>
<simpara>+</simpara>
</section>
<section id="__8">
<title>&#8230;</title>
<simpara>+</simpara>
<simpara><?asciidoc-pagebreak?></simpara>

</section>
</chapter>
<chapter id="section-quality-scenarios">
<title>Quality Scenarios</title>
<section id="_quality_tree">
<title>Quality Tree</title>

</section>
<section id="_evaluation_scenarios">
<title>Evaluation Scenarios</title>
<simpara><?asciidoc-pagebreak?></simpara>

</section>
</chapter>
<chapter id="section-technical-risks">
<title>Technical Risks</title>
<simpara><?asciidoc-pagebreak?></simpara>

</chapter>
<chapter id="section-glossary">
<title>Glossary</title>
<informaltable frame="all"
    rowsep="1" colsep="1">
  
  <tgroup cols="4">
    
    <colspec colname="col_1" colwidth="25*"/>
    
    <colspec colname="col_2" colwidth="25*"/>
    
    <colspec colname="col_3" colwidth="25*"/>
    
    <colspec colname="col_4" colwidth="25*"/>
    
    
    <thead>
      
      <row>
        
        <entry align="left" valign="top">Glossary</entry>
        
        <entry align="left" valign="top"></entry>
        
        <entry align="left" valign="top"></entry>
        
        <entry align="left" valign="top"></entry>
        
      </row>
      
    </thead>
    
    <tbody>
      
      <row>
        
        <entry align="left" valign="top"><simpara>Term</simpara></entry>
        
        <entry align="left" valign="top"><simpara>Synonym</simpara></entry>
        
        <entry align="left" valign="top"><simpara>Description</simpara></entry>
        
        <entry align="left" valign="top"></entry>
        
      </row>
      
      <row>
        
        <entry align="left" valign="top"><simpara>Term</simpara></entry>
        
        <entry align="left" valign="top"><simpara>Synonym</simpara></entry>
        
        <entry align="left" valign="top"><simpara>Description</simpara></entry>
        
        <entry align="left" valign="top"></entry>
        
      </row>
      
    </tbody>
    
  </tgroup>
</informaltable>

<simpara><?asciidoc-pagebreak?></simpara>

</chapter>
<appendix id="bibliography">
<title>Literature and references</title>
<variablelist>
<varlistentry>
<term>Starke-2014</term>
<listitem>
<simpara>Gernot Starke: Effektive Softwarearchitekturen -
Ein praktischer Leitfaden. Carl Hanser Verlag, 6, Auflage 2014.</simpara>
</listitem>
</varlistentry>
<varlistentry>
<term>Starke-Hruschka-2011</term>
<listitem>
<simpara>Gernot Starke und Peter Hruschka: Softwarearchitektur
kompakt. Springer Akademischer Verlag, 2. Auflage 2011.</simpara>
</listitem>
</varlistentry>
<varlistentry>
<term>Zörner-2013</term>
<listitem>
<simpara>Softwarearchitekturen dokumentieren und kommunizieren, Carl Hanser Verlag, 2012</simpara>
</listitem>
</varlistentry>
</variablelist>

<simpara><?asciidoc-pagebreak?></simpara>

</appendix>
<appendix id="_examples">
<title>Examples</title>
<itemizedlist>
<listitem>
<simpara><ulink url="http://aim42.github.io/htmlSanityCheck/hsc_arc42.html">HTML Sanity Checker</ulink></simpara>
</listitem>
<listitem>
<simpara><ulink url="http://www.dokchess.de/dokchess/arc42/">DocChess</ulink> (german)</simpara>
</listitem>
<listitem>
<simpara><ulink url="http://www.embarc.de/arc42-starschnitt-gradle/">Gradle</ulink> (german)</simpara>
</listitem>
<listitem>
<simpara><ulink url="http://arc42.org:8090/display/arc42beispielmamacrm">MaMa CRM</ulink> (german)</simpara>
</listitem>
<listitem>
<simpara><ulink url="http://confluence.arc42.org/display/migrationEg/Financial+Data+Migration">Financial Data Migration</ulink> (german)</simpara>
</listitem>
</itemizedlist>

<simpara><?asciidoc-pagebreak?></simpara>

</appendix>
<appendix id="contributions">
<title>Acknowledgements and collaborations</title>
<simpara>arc42 originally envisioned by
<ulink url="http://b-agile.de">Dr. Peter Hruschka</ulink> and
<ulink url="http://gernotstarke.de">Dr. Gernot Starke</ulink>.</simpara>
<variablelist>
<varlistentry>
<term>Sources</term>
<listitem>
<simpara>We maintain arc42 in <emphasis>asciidoc</emphasis> format at the moment, hosted in
<ulink url="https://github.com/aim42/aim42">GitHub under the aim42-Organisation</ulink>.</simpara>
</listitem>
</varlistentry>
<varlistentry>
<term>Issues</term>
<listitem>
<simpara>We maintain a list of
<ulink url="https://github.com/arc42/arc42-template/issues">open topics and bugs</ulink>.</simpara>
</listitem>
</varlistentry>
</variablelist>

<simpara>We are looking forward to your corrections and clarifications! Please fork
the repository mentioned over this lines and send us a <emphasis>pull request</emphasis>!</simpara>
<section id="_collaborators">
<title>Collaborators</title>
<simpara>We are very thankful and acknowledge the support and help provided
by all active and former collaborators, uncountable (anonymous) advisors,
bug finders and users of this method.</simpara>
<section id="_currently_active">
<title>Currently active</title>
<itemizedlist>
<listitem>
<simpara>Gernot Starke</simpara>
</listitem>
<listitem>
<simpara>Stefan Zörner</simpara>
</listitem>
<listitem>
<simpara>Markus Schärtel</simpara>
</listitem>
<listitem>
<simpara>Ralf D. Müller</simpara>
</listitem>
<listitem>
<simpara>Peter Hruschka</simpara>
</listitem>
<listitem>
<simpara>Jürgen Krey</simpara>
</listitem>
</itemizedlist>

</section>
<section id="_former_collaborators">
<title>Former collaborators</title>
<simpara>(in alphabetical order)</simpara>
<itemizedlist>
<listitem>
<simpara>Anne Aloysius</simpara>
</listitem>
<listitem>
<simpara>Matthias Bohlen</simpara>
</listitem>
<listitem>
<simpara>Karl Eilebrecht</simpara>
</listitem>
<listitem>
<simpara>Manfred Ferken</simpara>
</listitem>
<listitem>
<simpara>Phillip Ghadir</simpara>
</listitem>
<listitem>
<simpara>Carsten Klein</simpara>
</listitem>
<listitem>
<simpara>Prof. Arne Koschel</simpara>
</listitem>
<listitem>
<simpara>Axel Scheithauer</simpara>
</listitem>
</itemizedlist>

<simpara><?asciidoc-pagebreak?></simpara>

</section>
</section>
</appendix>
<appendix id="_approved_practitioner_for_arc42">
<title>Approved Practitioner for arc42</title>
<simpara>(TODO)</simpara>
</appendix>
</book>