<?xml version="1.0" encoding="UTF-8"?>
<!DOCTYPE book PUBLIC "-//OASIS//DTD DocBook XML V4.5//EN" "http://www.oasis-open.org/docbook/xml/4.5/docbookx.dtd">
<?asciidoc-toc?>
<?asciidoc-numbered?>
<book xmlns="http://docbook.org/ns/docbook" lang="en">
<bookinfo>
<title><inlinemediaobject>
  <imageobject>
    <imagedata fileref="images/arc42-logo.png"/>
  </imageobject>
  <textobject><phrase>arc42</phrase></textobject>
</inlinemediaobject> Template</title>
<date>2014-12-01</date>



</bookinfo>
<chapter id="__ber_arc42">
<title>Über arc42</title>
<simpara role="lead">arc42, das Template zur Dokumentation von
Software- und Systemarchitekturen.</simpara>
<simpara>Erstellt von Dr. Gernot Starke, Dr. Peter Hruschka und Mitwirkenden.</simpara>
<simpara>Template Revision: 6.5 DE (asciidoc-basiert), Juni 2014</simpara>
<simpara>&#169;
We acknowledge that this document uses material from the
arc 42 architecture template, <ulink url="http://www.arc42.de">http://www.arc42.de</ulink>.
Created by Dr. Peter Hruschka &amp; Dr. Gernot Starke.
For additional contributors see <ulink url="http://arc42.de/sonstiges/contributors.html">http://arc42.de/sonstiges/contributors.html</ulink></simpara>
<simpara><?asciidoc-hr?></simpara>

<note>
<simpara>Diese Version des Templates enthält Hilfen und Erläuterungen.
Sie dient der Einarbeitung in arc42 sowie dem Verständnis der Konzepte.
Für die Dokumentation eigener System verwenden Sie besser die <emphasis>plain</emphasis> Version.</simpara>
</note>

<simpara><?asciidoc-pagebreak?></simpara>

</chapter>
<chapter id="section-introduction-and-goals">
<title>Einführung und Ziele</title>
<simpara>(engl.: Introduction and Goals)</simpara>
<simpara>Als Einführung in das Architekturdokument gehören hierher die treibenden Kräfte, die Software-Architekten bei ihren Entscheidungen berücksichtigen müssen:
Einerseits die Erfüllung bestimmter fachlicher Aufgabenstellungen der Stakeholder, darüber hinaus aber die Erfüllung oder Einhaltung der vorgegebenen Randbedingungen (required constraints) unter Berücksichtigung der Architekturziele.</simpara>
<section id="_aufgabenstellung">
<title>Aufgabenstellung</title>
<simpara>(engl.: Requirements Overview)</simpara>
</section>
<section id="_qualit_tsziele">
<title>Qualitätsziele</title>
<simpara>(engl.: Quality Goals)</simpara>
</section>
<section id="_stakeholder">
<title>Stakeholder</title>
<simpara>Die folgende Tabelle zeigt Ihre konkreten Stakeholder für das System sowie deren Interessen oder Beteiligung.</simpara>
<table frame="all"
    rowsep="1" colsep="1">
<title>Stakeholder des Systems</title>
  
  <tgroup cols="2">
    
    <colspec colname="col_1" colwidth="33*"/>
    
    <colspec colname="col_2" colwidth="66*"/>
    
    
    <thead>
      
      <row>
        
        <entry align="left" valign="top">Rolle</entry>
        
        <entry align="left" valign="top">Beschreibung</entry>
        
      </row>
      
    </thead>
    
    <tbody>
      
      <row>
        
        <entry align="left" valign="top"><simpara>Ziel / Intention</simpara></entry>
        
        <entry align="left" valign="top"><simpara>Kontakt</simpara></entry>
        
      </row>
      
    </tbody>
    
  </tgroup>
</table>

<simpara><?asciidoc-pagebreak?></simpara>

</section>
</chapter>
<chapter id="section-architecture-constraints">
<title>Randbedingungen</title>
<simpara>(engl.: Architecture Constraints)</simpara>
<section id="_technische_randbedingungen">
<title>Technische Randbedingungen</title>
<table frame="all"
    rowsep="1" colsep="1">
<title>Technische Randbedingungen</title>
  
  <tgroup cols="2">
    
    <colspec colname="col_1" colwidth="33*"/>
    
    <colspec colname="col_2" colwidth="66*"/>
    
    
    <thead>
      
      <row>
        
        <entry align="left" valign="top" namest="col_1" nameend="col_2">Hardware-Vorgaben</entry>
        
      </row>
      
    </thead>
    
    <tbody>
      
      <row>
        
        <entry align="left" valign="top"></entry>
        
        <entry align="left" valign="top"><simpara><emphasis>Randbedingung<subscript>1</subscript></emphasis></simpara></entry>
        
      </row>
      
      <row>
        
        <entry align="left" valign="top"></entry>
        
        <entry align="left" valign="top"><simpara><emphasis>Randbedingung<subscript>2</subscript></emphasis></simpara></entry>
        
      </row>
      
      <row>
        
        <entry align="left" valign="top" namest="col_1" nameend="col_2"><simpara><emphasis role="strong">Software-Vorgaben</emphasis></simpara></entry>
        
      </row>
      
      <row>
        
        <entry align="left" valign="top"></entry>
        
        <entry align="left" valign="top"><simpara><emphasis>Randbedingung<subscript>i</subscript></emphasis></simpara></entry>
        
      </row>
      
      <row>
        
        <entry align="left" valign="top" namest="col_1" nameend="col_2"><simpara><emphasis role="strong">Vorgaben des Systembetriebs</emphasis></simpara></entry>
        
      </row>
      
      <row>
        
        <entry align="left" valign="top"></entry>
        
        <entry align="left" valign="top"><simpara><emphasis>Randbedingung<subscript>j</subscript></emphasis></simpara></entry>
        
      </row>
      
      <row>
        
        <entry align="left" valign="top" namest="col_1" nameend="col_2"><simpara><emphasis role="strong">Programmiervorgaben</emphasis></simpara></entry>
        
      </row>
      
      <row>
        
        <entry align="left" valign="top"></entry>
        
        <entry align="left" valign="top"><simpara><emphasis>Randbedingung<subscript>k</subscript></emphasis></simpara></entry>
        
      </row>
      
    </tbody>
    
  </tgroup>
</table>

</section>
<section id="_organisatorische_randbedingungen">
<title>Organisatorische Randbedingungen</title>
<section id="_organisation_und_struktur">
<title>Organisation und Struktur</title>
<simpara><emphasis>&lt;hier Randbedingungen einfügen&gt;</emphasis></simpara>
</section>
<section id="_ressourcen_budget_zeit_personal">
<title>Ressourcen (Budget, Zeit, Personal)</title>
<simpara><emphasis>&lt;hier Randbedingungen einfügen&gt;</emphasis></simpara>
</section>
<section id="_organisatorische_standards">
<title>Organisatorische Standards</title>
<simpara><emphasis>&lt;hier Randbedingungen einfügen&gt;</emphasis></simpara>
</section>
<section id="_juristische_faktoren">
<title>Juristische Faktoren</title>
<simpara><emphasis>&lt;hier Randbedingungen einfügen&gt;</emphasis></simpara>
</section>
</section>
<section id="_konventionen">
<title>Konventionen</title>
<simpara><?asciidoc-pagebreak?></simpara>

</section>
</chapter>
<chapter id="section-system-scope-and-context">
<title>Kontextabgrenzung</title>
<simpara>Die folgenden Unterkapitel zeigen die Einbettung unseres Systems in seine Umgebung.</simpara>
<section id="_fachlicher_kontext">
<title>Fachlicher Kontext</title>

</section>
<section id="_technischer_oder_verteilungskontext">
<title>Technischer- oder Verteilungskontext</title>

</section>
<section id="_externe_schnittstellen">
<title>Externe Schnittstellen</title>
<simpara><?asciidoc-pagebreak?></simpara>

</section>
</chapter>
<chapter id="section-solution-strategy">
<title>Lösungsstrategie</title>
<simpara><?asciidoc-pagebreak?></simpara>

</chapter>
<chapter id="section-building-block-view">
<title>Bausteinsicht</title>
<section id="_whitebox_gesamtsystem">
<title>Whitebox Gesamtsystem</title>
<simpara><emphasis>Bausteinname</emphasis> Whitebox</simpara>
<variablelist>
<varlistentry>
<term>Übersicht / Struktur</term>
<listitem>
<simpara><emphasis>Die folgende Abbildung zeigt die inneren Bestandteile von _Bausteinname</emphasis>
und deren Abhängigkeiten.</simpara>
</listitem>
</varlistentry>
</variablelist>

<simpara><emphasis>&lt;hier Überblicksdiagramm einfügen&gt;</emphasis></simpara>
<variablelist>
<varlistentry>
<term>Begründung</term>
<listitem>
<simpara><emphasis>Begründen oder erläutern Sie die Struktur</emphasis></simpara>
</listitem>
</varlistentry>
<varlistentry>
<term>Enthaltene Bausteine</term>
<listitem>
<simpara><emphasis>hier beschreiben Sie (kurz) Name und Zweck der enhaltenen Bausteine</emphasis></simpara>
</listitem>
</varlistentry>
</variablelist>

<informaltable frame="all"
    rowsep="1" colsep="1">
  
  <tgroup cols="2">
    
    <colspec colname="col_1" colwidth="20*"/>
    
    <colspec colname="col_2" colwidth="80*"/>
    
    
    <tbody>
      
      <row>
        
        <entry align="left" valign="top"><simpara>Baustein 1</simpara></entry>
        
        <entry align="left" valign="top"><simpara>Beschreibung 1</simpara></entry>
        
      </row>
      
      <row>
        
        <entry align="left" valign="top"><simpara>Verweis auf Blackbox-Beschreibung</simpara></entry>
        
        <entry align="left" valign="top"><simpara>Baustein 2</simpara></entry>
        
      </row>
      
      <row>
        
        <entry align="left" valign="top"><simpara> Beschreibung 2</simpara></entry>
        
        <entry align="left" valign="top"><simpara>Verweis auf Blackbox-Beschreibung</simpara></entry>
        
      </row>
      
      <row>
        
        <entry align="left" valign="top"><simpara>Baustein 3</simpara></entry>
        
        <entry align="left" valign="top"><simpara>Beschreibung 3</simpara></entry>
        
      </row>
      
    </tbody>
    
  </tgroup>
</informaltable>

<variablelist>
<varlistentry>
<term>Schnittstellen</term>
<listitem>
<simpara><emphasis>hier beschreiben Sie (kurz) Name und Zweck der (internen+externen)
Schnittstellen der Bausteine.</emphasis></simpara>
</listitem>
</varlistentry>
</variablelist>

<informaltable frame="all"
    rowsep="1" colsep="1">
  
  <tgroup cols="2">
    
    <colspec colname="col_1" colwidth="20*"/>
    
    <colspec colname="col_2" colwidth="80*"/>
    
    
    <tbody>
      
      <row>
        
        <entry align="left" valign="top"><simpara>Schnittstelle 1</simpara></entry>
        
        <entry align="left" valign="top"><simpara>Beschreibung 1</simpara></entry>
        
      </row>
      
      <row>
        
        <entry align="left" valign="top"><simpara>Schnittstelle 2</simpara></entry>
        
        <entry align="left" valign="top"><simpara> Beschreibung 2</simpara></entry>
        
      </row>
      
      <row>
        
        <entry align="left" valign="top"><simpara>Schnittstelle 3</simpara></entry>
        
        <entry align="left" valign="top"><simpara>Beschreibung 3</simpara></entry>
        
      </row>
      
    </tbody>
    
  </tgroup>
</informaltable>

<section id="__emphasis_baustein_1_emphasis_blackbox">
<title><emphasis>Baustein 1</emphasis> (Blackbox)</title>
<simpara><emphasis>Bausteinname</emphasis> Blackboxbeschreibung</simpara>
<simpara><emphasis role="strong">Zweck:</emphasis> <emphasis>hier beschreiben Sie Zweck oder Verantwortung des Bausteins</emphasis></simpara>
<table frame="all"
    rowsep="1" colsep="1">
<title>Schnittstellen <emphasis>Bausteinname</emphasis>:</title>
  
  <tgroup cols="2">
    
    <colspec colname="col_1" colwidth="33*"/>
    
    <colspec colname="col_2" colwidth="66*"/>
    
    
    <tbody>
      
      <row>
        
        <entry align="left" valign="top"><simpara>Schnittstelle 1</simpara></entry>
        
        <entry align="left" valign="top"><simpara>Beschreibung 1</simpara></entry>
        
      </row>
      
      <row>
        
        <entry align="left" valign="top"><simpara>Schnittstelle 2</simpara></entry>
        
        <entry align="left" valign="top"><simpara> Beschreibung 2</simpara></entry>
        
      </row>
      
      <row>
        
        <entry align="left" valign="top"><simpara>Schnittstelle 3</simpara></entry>
        
        <entry align="left" valign="top"><simpara>Beschreibung 3</simpara></entry>
        
      </row>
      
    </tbody>
    
  </tgroup>
</table>

<simpara><emphasis role="strong">Ablageort/Datei:</emphasis> <emphasis>Verweisen Sie auf den Einstieg in
  den Sourcecode, den/die Paket-/Modulnamen oder
  die wichtigsten Klassen</emphasis></simpara>
<simpara><emphasis>Bausteinname</emphasis> Blackboxbeschreibung</simpara>
<simpara><emphasis role="strong">Zweck:</emphasis> <emphasis>hier beschreiben Sie Zweck oder Verantwortung des Bausteins</emphasis></simpara>
<table frame="all"
    rowsep="1" colsep="1">
<title>Schnittstellen <emphasis>Bausteinname</emphasis></title>
  
  <tgroup cols="2">
    
    <colspec colname="col_1" colwidth="33*"/>
    
    <colspec colname="col_2" colwidth="66*"/>
    
    
    <tbody>
      
      <row>
        
        <entry align="left" valign="top"><simpara>Schnittstelle 1</simpara></entry>
        
        <entry align="left" valign="top"><simpara>Beschreibung 1</simpara></entry>
        
      </row>
      
      <row>
        
        <entry align="left" valign="top"><simpara>Schnittstelle 2</simpara></entry>
        
        <entry align="left" valign="top"><simpara> Beschreibung 2</simpara></entry>
        
      </row>
      
      <row>
        
        <entry align="left" valign="top"><simpara>Schnittstelle 3</simpara></entry>
        
        <entry align="left" valign="top"><simpara>Beschreibung 3</simpara></entry>
        
      </row>
      
    </tbody>
    
  </tgroup>
</table>

<simpara><emphasis role="strong">Ablageort/Datei:</emphasis> <emphasis>Verweisen Sie auf den Einstieg in
  den Sourcecode, den/die Paket-/Modulnamen oder
  die wichtigsten Klassen</emphasis></simpara>
<table frame="all"
    rowsep="1" colsep="1">
<title>Erfüllte Anforderungen</title>
  
  <tgroup cols="2">
    
    <colspec colname="col_1" colwidth="33*"/>
    
    <colspec colname="col_2" colwidth="66*"/>
    
    
    <tbody>
      
      <row>
        
        <entry align="left" valign="top"><simpara>Anforderung 1</simpara></entry>
        
        <entry align="left" valign="top"><simpara>Bemerkung 1</simpara></entry>
        
      </row>
      
      <row>
        
        <entry align="left" valign="top"><simpara>Anforderung 2</simpara></entry>
        
        <entry align="left" valign="top"><simpara> Bemerkung 2</simpara></entry>
        
      </row>
      
      <row>
        
        <entry align="left" valign="top"><simpara>Anforderung 3</simpara></entry>
        
        <entry align="left" valign="top"><simpara>Bemerkung 3</simpara></entry>
        
      </row>
      
    </tbody>
    
  </tgroup>
</table>

<simpara><emphasis role="strong">Variabilität:</emphasis> <emphasis>hier beschreiben Sie, in welchen Aspekten der Baustein variabel,
flexibel oder konfigurierbar ist.</emphasis></simpara>
<table frame="all"
    rowsep="1" colsep="1">
<title>Offene Punkte</title>
  
  <tgroup cols="2">
    
    <colspec colname="col_1" colwidth="33*"/>
    
    <colspec colname="col_2" colwidth="66*"/>
    
    
    <tbody>
      
      <row>
        
        <entry align="left" valign="top"><simpara>OP 1</simpara></entry>
        
        <entry align="left" valign="top"><simpara>Bemerkung 1</simpara></entry>
        
      </row>
      
      <row>
        
        <entry align="left" valign="top"><simpara>OP 2</simpara></entry>
        
        <entry align="left" valign="top"><simpara> Bemerkung 2</simpara></entry>
        
      </row>
      
      <row>
        
        <entry align="left" valign="top"><simpara>OP 3</simpara></entry>
        
        <entry align="left" valign="top"><simpara>Bemerkung 3</simpara></entry>
        
      </row>
      
    </tbody>
    
  </tgroup>
</table>

<table frame="all"
    rowsep="1" colsep="1">
<title>Organisatorisches</title>
  
  <tgroup cols="2">
    
    <colspec colname="col_1" colwidth="33*"/>
    
    <colspec colname="col_2" colwidth="66*"/>
    
    
    <tbody>
      
      <row>
        
        <entry align="left" valign="top"><simpara>Version</simpara></entry>
        
        <entry align="left" valign="top"><simpara>Bemerkung 1</simpara></entry>
        
      </row>
      
      <row>
        
        <entry align="left" valign="top"><simpara>Autor</simpara></entry>
        
        <entry align="left" valign="top"><simpara> Bemerkung 2</simpara></entry>
        
      </row>
      
      <row>
        
        <entry align="left" valign="top"><simpara>Änderungsdatum</simpara></entry>
        
        <entry align="left" valign="top"><simpara>Bemerkung 3</simpara></entry>
        
      </row>
      
      <row>
        
        <entry align="left" valign="top"><simpara>(&#8230;)</simpara></entry>
        
        <entry align="left" valign="top"><simpara>&#8230;</simpara></entry>
        
      </row>
      
    </tbody>
    
  </tgroup>
</table>

</section>
<section id="__emphasis_baustein_2_emphasis_blackbox">
<title><emphasis>Baustein 2</emphasis> (Blackbox)</title>
<simpara><emphasis>Bausteinname</emphasis> Blackboxbeschreibung</simpara>
<simpara><emphasis role="strong">Zweck:</emphasis> <emphasis>hier beschreiben Sie Zweck oder Verantwortung des Bausteins</emphasis></simpara>
<table frame="all"
    rowsep="1" colsep="1">
<title>Schnittstellen <emphasis>Bausteinname</emphasis>:</title>
  
  <tgroup cols="2">
    
    <colspec colname="col_1" colwidth="33*"/>
    
    <colspec colname="col_2" colwidth="66*"/>
    
    
    <tbody>
      
      <row>
        
        <entry align="left" valign="top"><simpara>Schnittstelle 1</simpara></entry>
        
        <entry align="left" valign="top"><simpara>Beschreibung 1</simpara></entry>
        
      </row>
      
      <row>
        
        <entry align="left" valign="top"><simpara>Schnittstelle 2</simpara></entry>
        
        <entry align="left" valign="top"><simpara> Beschreibung 2</simpara></entry>
        
      </row>
      
      <row>
        
        <entry align="left" valign="top"><simpara>Schnittstelle 3</simpara></entry>
        
        <entry align="left" valign="top"><simpara>Beschreibung 3</simpara></entry>
        
      </row>
      
    </tbody>
    
  </tgroup>
</table>

<simpara><emphasis role="strong">Ablageort/Datei:</emphasis> <emphasis>Verweisen Sie auf den Einstieg in
  den Sourcecode, den/die Paket-/Modulnamen oder
  die wichtigsten Klassen</emphasis></simpara>
</section>
<section id="__emphasis_baustein_n_emphasis_blackbox">
<title><emphasis>Baustein n</emphasis> (Blackbox)</title>
<simpara><emphasis>Bausteinname</emphasis> Blackboxbeschreibung</simpara>
<simpara><emphasis role="strong">Zweck:</emphasis> <emphasis>hier beschreiben Sie Zweck oder Verantwortung des Bausteins</emphasis></simpara>
<table frame="all"
    rowsep="1" colsep="1">
<title>Schnittstellen <emphasis>Bausteinname</emphasis>:</title>
  
  <tgroup cols="2">
    
    <colspec colname="col_1" colwidth="33*"/>
    
    <colspec colname="col_2" colwidth="66*"/>
    
    
    <tbody>
      
      <row>
        
        <entry align="left" valign="top"><simpara>Schnittstelle 1</simpara></entry>
        
        <entry align="left" valign="top"><simpara>Beschreibung 1</simpara></entry>
        
      </row>
      
      <row>
        
        <entry align="left" valign="top"><simpara>Schnittstelle 2</simpara></entry>
        
        <entry align="left" valign="top"><simpara> Beschreibung 2</simpara></entry>
        
      </row>
      
      <row>
        
        <entry align="left" valign="top"><simpara>Schnittstelle 3</simpara></entry>
        
        <entry align="left" valign="top"><simpara>Beschreibung 3</simpara></entry>
        
      </row>
      
    </tbody>
    
  </tgroup>
</table>

<simpara><emphasis role="strong">Ablageort/Datei:</emphasis> <emphasis>Verweisen Sie auf den Einstieg in
  den Sourcecode, den/die Paket-/Modulnamen oder
  die wichtigsten Klassen</emphasis></simpara>
</section>
</section>
<section id="_ebene_2">
<title>Ebene 2</title>
<section id="__emphasis_baustein_1_emphasis_whitebox">
<title><emphasis>Baustein 1</emphasis> (Whitebox)</title>
<simpara><emphasis>Bausteinname</emphasis> Whitebox</simpara>
<variablelist>
<varlistentry>
<term>Übersicht / Struktur</term>
<listitem>
<simpara><emphasis>Die folgende Abbildung zeigt die inneren Bestandteile von _Bausteinname</emphasis>
und deren Abhängigkeiten.</simpara>
</listitem>
</varlistentry>
</variablelist>

<simpara><emphasis>&lt;hier Überblicksdiagramm einfügen&gt;</emphasis></simpara>
<variablelist>
<varlistentry>
<term>Begründung</term>
<listitem>
<simpara><emphasis>Begründen oder erläutern Sie die Struktur</emphasis></simpara>
</listitem>
</varlistentry>
<varlistentry>
<term>Enthaltene Bausteine</term>
<listitem>
<simpara><emphasis>hier beschreiben Sie (kurz) Name und Zweck der enhaltenen Bausteine</emphasis></simpara>
</listitem>
</varlistentry>
</variablelist>

<informaltable frame="all"
    rowsep="1" colsep="1">
  
  <tgroup cols="2">
    
    <colspec colname="col_1" colwidth="20*"/>
    
    <colspec colname="col_2" colwidth="80*"/>
    
    
    <tbody>
      
      <row>
        
        <entry align="left" valign="top"><simpara>Baustein 1</simpara></entry>
        
        <entry align="left" valign="top"><simpara>Beschreibung 1</simpara></entry>
        
      </row>
      
      <row>
        
        <entry align="left" valign="top"><simpara>Verweis auf Blackbox-Beschreibung</simpara></entry>
        
        <entry align="left" valign="top"><simpara>Baustein 2</simpara></entry>
        
      </row>
      
      <row>
        
        <entry align="left" valign="top"><simpara> Beschreibung 2</simpara></entry>
        
        <entry align="left" valign="top"><simpara>Verweis auf Blackbox-Beschreibung</simpara></entry>
        
      </row>
      
      <row>
        
        <entry align="left" valign="top"><simpara>Baustein 3</simpara></entry>
        
        <entry align="left" valign="top"><simpara>Beschreibung 3</simpara></entry>
        
      </row>
      
    </tbody>
    
  </tgroup>
</informaltable>

<variablelist>
<varlistentry>
<term>Schnittstellen</term>
<listitem>
<simpara><emphasis>hier beschreiben Sie (kurz) Name und Zweck der (internen+externen)
Schnittstellen der Bausteine.</emphasis></simpara>
</listitem>
</varlistentry>
</variablelist>

<informaltable frame="all"
    rowsep="1" colsep="1">
  
  <tgroup cols="2">
    
    <colspec colname="col_1" colwidth="20*"/>
    
    <colspec colname="col_2" colwidth="80*"/>
    
    
    <tbody>
      
      <row>
        
        <entry align="left" valign="top"><simpara>Schnittstelle 1</simpara></entry>
        
        <entry align="left" valign="top"><simpara>Beschreibung 1</simpara></entry>
        
      </row>
      
      <row>
        
        <entry align="left" valign="top"><simpara>Schnittstelle 2</simpara></entry>
        
        <entry align="left" valign="top"><simpara> Beschreibung 2</simpara></entry>
        
      </row>
      
      <row>
        
        <entry align="left" valign="top"><simpara>Schnittstelle 3</simpara></entry>
        
        <entry align="left" valign="top"><simpara>Beschreibung 3</simpara></entry>
        
      </row>
      
    </tbody>
    
  </tgroup>
</informaltable>

<section id="__emphasis_baustein_1_1_emphasis_blackbox">
<title><emphasis>Baustein 1.1</emphasis> (Blackbox)</title>
<simpara><emphasis>Bausteinname</emphasis> Blackboxbeschreibung</simpara>
<simpara><emphasis role="strong">Zweck:</emphasis> <emphasis>hier beschreiben Sie Zweck oder Verantwortung des Bausteins</emphasis></simpara>
<table frame="all"
    rowsep="1" colsep="1">
<title>Schnittstellen <emphasis>Bausteinname</emphasis>:</title>
  
  <tgroup cols="2">
    
    <colspec colname="col_1" colwidth="33*"/>
    
    <colspec colname="col_2" colwidth="66*"/>
    
    
    <tbody>
      
      <row>
        
        <entry align="left" valign="top"><simpara>Schnittstelle 1</simpara></entry>
        
        <entry align="left" valign="top"><simpara>Beschreibung 1</simpara></entry>
        
      </row>
      
      <row>
        
        <entry align="left" valign="top"><simpara>Schnittstelle 2</simpara></entry>
        
        <entry align="left" valign="top"><simpara> Beschreibung 2</simpara></entry>
        
      </row>
      
      <row>
        
        <entry align="left" valign="top"><simpara>Schnittstelle 3</simpara></entry>
        
        <entry align="left" valign="top"><simpara>Beschreibung 3</simpara></entry>
        
      </row>
      
    </tbody>
    
  </tgroup>
</table>

<simpara><emphasis role="strong">Ablageort/Datei:</emphasis> <emphasis>Verweisen Sie auf den Einstieg in
  den Sourcecode, den/die Paket-/Modulnamen oder
  die wichtigsten Klassen</emphasis></simpara>
</section>
<section id="__emphasis_baustein_1_2_emphasis_blackbox">
<title><emphasis>Baustein 1.2</emphasis> (Blackbox)</title>
<simpara><emphasis>Bausteinname</emphasis> Blackboxbeschreibung</simpara>
<simpara><emphasis role="strong">Zweck:</emphasis> <emphasis>hier beschreiben Sie Zweck oder Verantwortung des Bausteins</emphasis></simpara>
<table frame="all"
    rowsep="1" colsep="1">
<title>Schnittstellen <emphasis>Bausteinname</emphasis>:</title>
  
  <tgroup cols="2">
    
    <colspec colname="col_1" colwidth="33*"/>
    
    <colspec colname="col_2" colwidth="66*"/>
    
    
    <tbody>
      
      <row>
        
        <entry align="left" valign="top"><simpara>Schnittstelle 1</simpara></entry>
        
        <entry align="left" valign="top"><simpara>Beschreibung 1</simpara></entry>
        
      </row>
      
      <row>
        
        <entry align="left" valign="top"><simpara>Schnittstelle 2</simpara></entry>
        
        <entry align="left" valign="top"><simpara> Beschreibung 2</simpara></entry>
        
      </row>
      
      <row>
        
        <entry align="left" valign="top"><simpara>Schnittstelle 3</simpara></entry>
        
        <entry align="left" valign="top"><simpara>Beschreibung 3</simpara></entry>
        
      </row>
      
    </tbody>
    
  </tgroup>
</table>

<simpara><emphasis role="strong">Ablageort/Datei:</emphasis> <emphasis>Verweisen Sie auf den Einstieg in
  den Sourcecode, den/die Paket-/Modulnamen oder
  die wichtigsten Klassen</emphasis></simpara>
</section>
<section id="__emphasis_baustein_1_n_emphasis_blackbox">
<title><emphasis>Baustein 1.n</emphasis> (Blackbox)</title>
<simpara><emphasis>Bausteinname</emphasis> Blackboxbeschreibung</simpara>
<simpara><emphasis role="strong">Zweck:</emphasis> <emphasis>hier beschreiben Sie Zweck oder Verantwortung des Bausteins</emphasis></simpara>
<table frame="all"
    rowsep="1" colsep="1">
<title>Schnittstellen <emphasis>Bausteinname</emphasis>:</title>
  
  <tgroup cols="2">
    
    <colspec colname="col_1" colwidth="33*"/>
    
    <colspec colname="col_2" colwidth="66*"/>
    
    
    <tbody>
      
      <row>
        
        <entry align="left" valign="top"><simpara>Schnittstelle 1</simpara></entry>
        
        <entry align="left" valign="top"><simpara>Beschreibung 1</simpara></entry>
        
      </row>
      
      <row>
        
        <entry align="left" valign="top"><simpara>Schnittstelle 2</simpara></entry>
        
        <entry align="left" valign="top"><simpara> Beschreibung 2</simpara></entry>
        
      </row>
      
      <row>
        
        <entry align="left" valign="top"><simpara>Schnittstelle 3</simpara></entry>
        
        <entry align="left" valign="top"><simpara>Beschreibung 3</simpara></entry>
        
      </row>
      
    </tbody>
    
  </tgroup>
</table>

<simpara><emphasis role="strong">Ablageort/Datei:</emphasis> <emphasis>Verweisen Sie auf den Einstieg in
  den Sourcecode, den/die Paket-/Modulnamen oder
  die wichtigsten Klassen</emphasis></simpara>
</section>
</section>
<section id="__emphasis_baustein_2_emphasis_whitebox">
<title><emphasis>Baustein 2</emphasis> (Whitebox)</title>
<simpara><emphasis>Bausteinname</emphasis> Whitebox</simpara>
<variablelist>
<varlistentry>
<term>Übersicht / Struktur</term>
<listitem>
<simpara><emphasis>Die folgende Abbildung zeigt die inneren Bestandteile von _Bausteinname</emphasis>
und deren Abhängigkeiten.</simpara>
</listitem>
</varlistentry>
</variablelist>

<simpara><emphasis>&lt;hier Überblicksdiagramm einfügen&gt;</emphasis></simpara>
<variablelist>
<varlistentry>
<term>Begründung</term>
<listitem>
<simpara><emphasis>Begründen oder erläutern Sie die Struktur</emphasis></simpara>
</listitem>
</varlistentry>
<varlistentry>
<term>Enthaltene Bausteine</term>
<listitem>
<simpara><emphasis>hier beschreiben Sie (kurz) Name und Zweck der enhaltenen Bausteine</emphasis></simpara>
</listitem>
</varlistentry>
</variablelist>

<informaltable frame="all"
    rowsep="1" colsep="1">
  
  <tgroup cols="2">
    
    <colspec colname="col_1" colwidth="20*"/>
    
    <colspec colname="col_2" colwidth="80*"/>
    
    
    <tbody>
      
      <row>
        
        <entry align="left" valign="top"><simpara>Baustein 1</simpara></entry>
        
        <entry align="left" valign="top"><simpara>Beschreibung 1</simpara></entry>
        
      </row>
      
      <row>
        
        <entry align="left" valign="top"><simpara>Verweis auf Blackbox-Beschreibung</simpara></entry>
        
        <entry align="left" valign="top"><simpara>Baustein 2</simpara></entry>
        
      </row>
      
      <row>
        
        <entry align="left" valign="top"><simpara> Beschreibung 2</simpara></entry>
        
        <entry align="left" valign="top"><simpara>Verweis auf Blackbox-Beschreibung</simpara></entry>
        
      </row>
      
      <row>
        
        <entry align="left" valign="top"><simpara>Baustein 3</simpara></entry>
        
        <entry align="left" valign="top"><simpara>Beschreibung 3</simpara></entry>
        
      </row>
      
    </tbody>
    
  </tgroup>
</informaltable>

<variablelist>
<varlistentry>
<term>Schnittstellen</term>
<listitem>
<simpara><emphasis>hier beschreiben Sie (kurz) Name und Zweck der (internen+externen)
Schnittstellen der Bausteine.</emphasis></simpara>
</listitem>
</varlistentry>
</variablelist>

<informaltable frame="all"
    rowsep="1" colsep="1">
  
  <tgroup cols="2">
    
    <colspec colname="col_1" colwidth="20*"/>
    
    <colspec colname="col_2" colwidth="80*"/>
    
    
    <tbody>
      
      <row>
        
        <entry align="left" valign="top"><simpara>Schnittstelle 1</simpara></entry>
        
        <entry align="left" valign="top"><simpara>Beschreibung 1</simpara></entry>
        
      </row>
      
      <row>
        
        <entry align="left" valign="top"><simpara>Schnittstelle 2</simpara></entry>
        
        <entry align="left" valign="top"><simpara> Beschreibung 2</simpara></entry>
        
      </row>
      
      <row>
        
        <entry align="left" valign="top"><simpara>Schnittstelle 3</simpara></entry>
        
        <entry align="left" valign="top"><simpara>Beschreibung 3</simpara></entry>
        
      </row>
      
    </tbody>
    
  </tgroup>
</informaltable>

<section id="__emphasis_baustein_2_1_emphasis_blackbox">
<title><emphasis>Baustein 2.1</emphasis> (Blackbox)</title>
<simpara><emphasis>Bausteinname</emphasis> Blackboxbeschreibung</simpara>
<simpara><emphasis role="strong">Zweck:</emphasis> <emphasis>hier beschreiben Sie Zweck oder Verantwortung des Bausteins</emphasis></simpara>
<table frame="all"
    rowsep="1" colsep="1">
<title>Schnittstellen <emphasis>Bausteinname</emphasis>:</title>
  
  <tgroup cols="2">
    
    <colspec colname="col_1" colwidth="33*"/>
    
    <colspec colname="col_2" colwidth="66*"/>
    
    
    <tbody>
      
      <row>
        
        <entry align="left" valign="top"><simpara>Schnittstelle 1</simpara></entry>
        
        <entry align="left" valign="top"><simpara>Beschreibung 1</simpara></entry>
        
      </row>
      
      <row>
        
        <entry align="left" valign="top"><simpara>Schnittstelle 2</simpara></entry>
        
        <entry align="left" valign="top"><simpara> Beschreibung 2</simpara></entry>
        
      </row>
      
      <row>
        
        <entry align="left" valign="top"><simpara>Schnittstelle 3</simpara></entry>
        
        <entry align="left" valign="top"><simpara>Beschreibung 3</simpara></entry>
        
      </row>
      
    </tbody>
    
  </tgroup>
</table>

<simpara><emphasis role="strong">Ablageort/Datei:</emphasis> <emphasis>Verweisen Sie auf den Einstieg in
  den Sourcecode, den/die Paket-/Modulnamen oder
  die wichtigsten Klassen</emphasis></simpara>
</section>
<section id="__emphasis_baustein_2_2_emphasis_blackbox">
<title><emphasis>Baustein 2.2</emphasis> (Blackbox)</title>
<simpara><emphasis>Bausteinname</emphasis> Blackboxbeschreibung</simpara>
<simpara><emphasis role="strong">Zweck:</emphasis> <emphasis>hier beschreiben Sie Zweck oder Verantwortung des Bausteins</emphasis></simpara>
<table frame="all"
    rowsep="1" colsep="1">
<title>Schnittstellen <emphasis>Bausteinname</emphasis>:</title>
  
  <tgroup cols="2">
    
    <colspec colname="col_1" colwidth="33*"/>
    
    <colspec colname="col_2" colwidth="66*"/>
    
    
    <tbody>
      
      <row>
        
        <entry align="left" valign="top"><simpara>Schnittstelle 1</simpara></entry>
        
        <entry align="left" valign="top"><simpara>Beschreibung 1</simpara></entry>
        
      </row>
      
      <row>
        
        <entry align="left" valign="top"><simpara>Schnittstelle 2</simpara></entry>
        
        <entry align="left" valign="top"><simpara> Beschreibung 2</simpara></entry>
        
      </row>
      
      <row>
        
        <entry align="left" valign="top"><simpara>Schnittstelle 3</simpara></entry>
        
        <entry align="left" valign="top"><simpara>Beschreibung 3</simpara></entry>
        
      </row>
      
    </tbody>
    
  </tgroup>
</table>

<simpara><emphasis role="strong">Ablageort/Datei:</emphasis> <emphasis>Verweisen Sie auf den Einstieg in
  den Sourcecode, den/die Paket-/Modulnamen oder
  die wichtigsten Klassen</emphasis></simpara>
</section>
<section id="__emphasis_baustein_2_n_emphasis_blackbox">
<title><emphasis>Baustein 2.n</emphasis> (Blackbox)</title>
<simpara><emphasis>Bausteinname</emphasis> Blackboxbeschreibung</simpara>
<simpara><emphasis role="strong">Zweck:</emphasis> <emphasis>hier beschreiben Sie Zweck oder Verantwortung des Bausteins</emphasis></simpara>
<table frame="all"
    rowsep="1" colsep="1">
<title>Schnittstellen <emphasis>Bausteinname</emphasis>:</title>
  
  <tgroup cols="2">
    
    <colspec colname="col_1" colwidth="33*"/>
    
    <colspec colname="col_2" colwidth="66*"/>
    
    
    <tbody>
      
      <row>
        
        <entry align="left" valign="top"><simpara>Schnittstelle 1</simpara></entry>
        
        <entry align="left" valign="top"><simpara>Beschreibung 1</simpara></entry>
        
      </row>
      
      <row>
        
        <entry align="left" valign="top"><simpara>Schnittstelle 2</simpara></entry>
        
        <entry align="left" valign="top"><simpara> Beschreibung 2</simpara></entry>
        
      </row>
      
      <row>
        
        <entry align="left" valign="top"><simpara>Schnittstelle 3</simpara></entry>
        
        <entry align="left" valign="top"><simpara>Beschreibung 3</simpara></entry>
        
      </row>
      
    </tbody>
    
  </tgroup>
</table>

<simpara><emphasis role="strong">Ablageort/Datei:</emphasis> <emphasis>Verweisen Sie auf den Einstieg in
  den Sourcecode, den/die Paket-/Modulnamen oder
  die wichtigsten Klassen</emphasis></simpara>
</section>
</section>
<section id="__emphasis_baustein_3_emphasis_whitebox">
<title><emphasis>Baustein 3</emphasis> (Whitebox)</title>
<simpara><emphasis>&lt;Hier Whitebox-Erläuterung für Baustein 3 einfügen&gt;</emphasis></simpara>
<section id="__emphasis_baustein_3_1_emphasis_blackbox">
<title><emphasis>Baustein 3.1</emphasis> (Blackbox)</title>
<simpara><emphasis>Bausteinname</emphasis> Blackboxbeschreibung</simpara>
<simpara><emphasis role="strong">Zweck:</emphasis> <emphasis>hier beschreiben Sie Zweck oder Verantwortung des Bausteins</emphasis></simpara>
<table frame="all"
    rowsep="1" colsep="1">
<title>Schnittstellen <emphasis>Bausteinname</emphasis>:</title>
  
  <tgroup cols="2">
    
    <colspec colname="col_1" colwidth="33*"/>
    
    <colspec colname="col_2" colwidth="66*"/>
    
    
    <tbody>
      
      <row>
        
        <entry align="left" valign="top"><simpara>Schnittstelle 1</simpara></entry>
        
        <entry align="left" valign="top"><simpara>Beschreibung 1</simpara></entry>
        
      </row>
      
      <row>
        
        <entry align="left" valign="top"><simpara>Schnittstelle 2</simpara></entry>
        
        <entry align="left" valign="top"><simpara> Beschreibung 2</simpara></entry>
        
      </row>
      
      <row>
        
        <entry align="left" valign="top"><simpara>Schnittstelle 3</simpara></entry>
        
        <entry align="left" valign="top"><simpara>Beschreibung 3</simpara></entry>
        
      </row>
      
    </tbody>
    
  </tgroup>
</table>

<simpara><emphasis role="strong">Ablageort/Datei:</emphasis> <emphasis>Verweisen Sie auf den Einstieg in
  den Sourcecode, den/die Paket-/Modulnamen oder
  die wichtigsten Klassen</emphasis></simpara>
</section>
<section id="__emphasis_baustein_3_2_emphasis_blackbox">
<title><emphasis>Baustein 3.2</emphasis> (Blackbox)</title>
<simpara><emphasis>Bausteinname</emphasis> Blackboxbeschreibung</simpara>
<simpara><emphasis role="strong">Zweck:</emphasis> <emphasis>hier beschreiben Sie Zweck oder Verantwortung des Bausteins</emphasis></simpara>
<table frame="all"
    rowsep="1" colsep="1">
<title>Schnittstellen <emphasis>Bausteinname</emphasis>:</title>
  
  <tgroup cols="2">
    
    <colspec colname="col_1" colwidth="33*"/>
    
    <colspec colname="col_2" colwidth="66*"/>
    
    
    <tbody>
      
      <row>
        
        <entry align="left" valign="top"><simpara>Schnittstelle 1</simpara></entry>
        
        <entry align="left" valign="top"><simpara>Beschreibung 1</simpara></entry>
        
      </row>
      
      <row>
        
        <entry align="left" valign="top"><simpara>Schnittstelle 2</simpara></entry>
        
        <entry align="left" valign="top"><simpara> Beschreibung 2</simpara></entry>
        
      </row>
      
      <row>
        
        <entry align="left" valign="top"><simpara>Schnittstelle 3</simpara></entry>
        
        <entry align="left" valign="top"><simpara>Beschreibung 3</simpara></entry>
        
      </row>
      
    </tbody>
    
  </tgroup>
</table>

<simpara><emphasis role="strong">Ablageort/Datei:</emphasis> <emphasis>Verweisen Sie auf den Einstieg in
  den Sourcecode, den/die Paket-/Modulnamen oder
  die wichtigsten Klassen</emphasis></simpara>
</section>
<section id="__emphasis_baustein_3_n_emphasis_blackbox">
<title><emphasis>Baustein 3.n</emphasis> (Blackbox)</title>
<simpara><emphasis>Bausteinname</emphasis> Blackboxbeschreibung</simpara>
<simpara><emphasis role="strong">Zweck:</emphasis> <emphasis>hier beschreiben Sie Zweck oder Verantwortung des Bausteins</emphasis></simpara>
<table frame="all"
    rowsep="1" colsep="1">
<title>Schnittstellen <emphasis>Bausteinname</emphasis>:</title>
  
  <tgroup cols="2">
    
    <colspec colname="col_1" colwidth="33*"/>
    
    <colspec colname="col_2" colwidth="66*"/>
    
    
    <tbody>
      
      <row>
        
        <entry align="left" valign="top"><simpara>Schnittstelle 1</simpara></entry>
        
        <entry align="left" valign="top"><simpara>Beschreibung 1</simpara></entry>
        
      </row>
      
      <row>
        
        <entry align="left" valign="top"><simpara>Schnittstelle 2</simpara></entry>
        
        <entry align="left" valign="top"><simpara> Beschreibung 2</simpara></entry>
        
      </row>
      
      <row>
        
        <entry align="left" valign="top"><simpara>Schnittstelle 3</simpara></entry>
        
        <entry align="left" valign="top"><simpara>Beschreibung 3</simpara></entry>
        
      </row>
      
    </tbody>
    
  </tgroup>
</table>

<simpara><emphasis role="strong">Ablageort/Datei:</emphasis> <emphasis>Verweisen Sie auf den Einstieg in
  den Sourcecode, den/die Paket-/Modulnamen oder
  die wichtigsten Klassen</emphasis></simpara>
</section>
</section>
</section>
<section id="_ebene_3">
<title>Ebene 3</title>
<section id="__emphasis_baustein_1_1_emphasis_whitebox">
<title><emphasis>Baustein 1.1</emphasis> (Whitebox)</title>
<simpara><emphasis>Bausteinname</emphasis> Whitebox</simpara>
<variablelist>
<varlistentry>
<term>Übersicht / Struktur</term>
<listitem>
<simpara><emphasis>Die folgende Abbildung zeigt die inneren Bestandteile von _Bausteinname</emphasis>
und deren Abhängigkeiten.</simpara>
</listitem>
</varlistentry>
</variablelist>

<simpara><emphasis>&lt;hier Überblicksdiagramm einfügen&gt;</emphasis></simpara>
<variablelist>
<varlistentry>
<term>Begründung</term>
<listitem>
<simpara><emphasis>Begründen oder erläutern Sie die Struktur</emphasis></simpara>
</listitem>
</varlistentry>
<varlistentry>
<term>Enthaltene Bausteine</term>
<listitem>
<simpara><emphasis>hier beschreiben Sie (kurz) Name und Zweck der enhaltenen Bausteine</emphasis></simpara>
</listitem>
</varlistentry>
</variablelist>

<informaltable frame="all"
    rowsep="1" colsep="1">
  
  <tgroup cols="2">
    
    <colspec colname="col_1" colwidth="20*"/>
    
    <colspec colname="col_2" colwidth="80*"/>
    
    
    <tbody>
      
      <row>
        
        <entry align="left" valign="top"><simpara>Baustein 1</simpara></entry>
        
        <entry align="left" valign="top"><simpara>Beschreibung 1</simpara></entry>
        
      </row>
      
      <row>
        
        <entry align="left" valign="top"><simpara>Verweis auf Blackbox-Beschreibung</simpara></entry>
        
        <entry align="left" valign="top"><simpara>Baustein 2</simpara></entry>
        
      </row>
      
      <row>
        
        <entry align="left" valign="top"><simpara> Beschreibung 2</simpara></entry>
        
        <entry align="left" valign="top"><simpara>Verweis auf Blackbox-Beschreibung</simpara></entry>
        
      </row>
      
      <row>
        
        <entry align="left" valign="top"><simpara>Baustein 3</simpara></entry>
        
        <entry align="left" valign="top"><simpara>Beschreibung 3</simpara></entry>
        
      </row>
      
    </tbody>
    
  </tgroup>
</informaltable>

<variablelist>
<varlistentry>
<term>Schnittstellen</term>
<listitem>
<simpara><emphasis>hier beschreiben Sie (kurz) Name und Zweck der (internen+externen)
Schnittstellen der Bausteine.</emphasis></simpara>
</listitem>
</varlistentry>
</variablelist>

<informaltable frame="all"
    rowsep="1" colsep="1">
  
  <tgroup cols="2">
    
    <colspec colname="col_1" colwidth="20*"/>
    
    <colspec colname="col_2" colwidth="80*"/>
    
    
    <tbody>
      
      <row>
        
        <entry align="left" valign="top"><simpara>Schnittstelle 1</simpara></entry>
        
        <entry align="left" valign="top"><simpara>Beschreibung 1</simpara></entry>
        
      </row>
      
      <row>
        
        <entry align="left" valign="top"><simpara>Schnittstelle 2</simpara></entry>
        
        <entry align="left" valign="top"><simpara> Beschreibung 2</simpara></entry>
        
      </row>
      
      <row>
        
        <entry align="left" valign="top"><simpara>Schnittstelle 3</simpara></entry>
        
        <entry align="left" valign="top"><simpara>Beschreibung 3</simpara></entry>
        
      </row>
      
    </tbody>
    
  </tgroup>
</informaltable>

<section id="__emphasis_baustein_1_1_1_emphasis_blackbox">
<title><emphasis>Baustein 1.1.1</emphasis> (Blackbox)</title>
<simpara><emphasis>Bausteinname</emphasis> Blackboxbeschreibung</simpara>
<simpara><emphasis role="strong">Zweck:</emphasis> <emphasis>hier beschreiben Sie Zweck oder Verantwortung des Bausteins</emphasis></simpara>
<table frame="all"
    rowsep="1" colsep="1">
<title>Schnittstellen <emphasis>Bausteinname</emphasis>:</title>
  
  <tgroup cols="2">
    
    <colspec colname="col_1" colwidth="33*"/>
    
    <colspec colname="col_2" colwidth="66*"/>
    
    
    <tbody>
      
      <row>
        
        <entry align="left" valign="top"><simpara>Schnittstelle 1</simpara></entry>
        
        <entry align="left" valign="top"><simpara>Beschreibung 1</simpara></entry>
        
      </row>
      
      <row>
        
        <entry align="left" valign="top"><simpara>Schnittstelle 2</simpara></entry>
        
        <entry align="left" valign="top"><simpara> Beschreibung 2</simpara></entry>
        
      </row>
      
      <row>
        
        <entry align="left" valign="top"><simpara>Schnittstelle 3</simpara></entry>
        
        <entry align="left" valign="top"><simpara>Beschreibung 3</simpara></entry>
        
      </row>
      
    </tbody>
    
  </tgroup>
</table>

<simpara><emphasis role="strong">Ablageort/Datei:</emphasis> <emphasis>Verweisen Sie auf den Einstieg in
  den Sourcecode, den/die Paket-/Modulnamen oder
  die wichtigsten Klassen</emphasis></simpara>
</section>
<section id="__emphasis_baustein_1_1_2_emphasis_blackbox">
<title><emphasis>Baustein 1.1.2</emphasis> (Blackbox)</title>
<simpara><emphasis>Bausteinname</emphasis> Blackboxbeschreibung</simpara>
<simpara><emphasis role="strong">Zweck:</emphasis> <emphasis>hier beschreiben Sie Zweck oder Verantwortung des Bausteins</emphasis></simpara>
<table frame="all"
    rowsep="1" colsep="1">
<title>Schnittstellen <emphasis>Bausteinname</emphasis>:</title>
  
  <tgroup cols="2">
    
    <colspec colname="col_1" colwidth="33*"/>
    
    <colspec colname="col_2" colwidth="66*"/>
    
    
    <tbody>
      
      <row>
        
        <entry align="left" valign="top"><simpara>Schnittstelle 1</simpara></entry>
        
        <entry align="left" valign="top"><simpara>Beschreibung 1</simpara></entry>
        
      </row>
      
      <row>
        
        <entry align="left" valign="top"><simpara>Schnittstelle 2</simpara></entry>
        
        <entry align="left" valign="top"><simpara> Beschreibung 2</simpara></entry>
        
      </row>
      
      <row>
        
        <entry align="left" valign="top"><simpara>Schnittstelle 3</simpara></entry>
        
        <entry align="left" valign="top"><simpara>Beschreibung 3</simpara></entry>
        
      </row>
      
    </tbody>
    
  </tgroup>
</table>

<simpara><emphasis role="strong">Ablageort/Datei:</emphasis> <emphasis>Verweisen Sie auf den Einstieg in
  den Sourcecode, den/die Paket-/Modulnamen oder
  die wichtigsten Klassen</emphasis></simpara>
<simpara><?asciidoc-pagebreak?></simpara>

</section>
</section>
</section>
</chapter>
<chapter id="section-runtime-view">
<title>Laufzeitsicht</title>
<section id="_laufzeitszenario_1">
<title>Laufzeitszenario 1</title>

</section>
<section id="_laufzeitszenario_2">
<title>Laufzeitszenario 2</title>
<simpara>&#8230;</simpara>
</section>
<section id="_laufzeitszenario_emphasis_n_emphasis">
<title>Laufzeitszenario <emphasis>n</emphasis></title>
<simpara><?asciidoc-pagebreak?></simpara>

</section>
</chapter>
<chapter id="section-deployment-view">
<title>Verteilungssicht</title>
<section id="_infrastruktur_ebene_1">
<title>Infrastruktur Ebene 1</title>
<section id="_verteilungsdiagramm_ebene_1">
<title>Verteilungsdiagramm Ebene 1</title>

</section>
<section id="_prozessor_1">
<title>Prozessor 1</title>

</section>
<section id="_prozessor_2">
<title>Prozessor 2</title>
<simpara>&#8230;</simpara>
</section>
<section id="_prozessor_emphasis_n_emphasis">
<title>Prozessor <emphasis>n</emphasis></title>

</section>
<section id="_kanal_1">
<title>Kanal 1</title>

</section>
<section id="_kanal_2">
<title>Kanal 2</title>
<simpara>&#8230;</simpara>
</section>
<section id="_kanal_emphasis_m_emphasis">
<title>Kanal <emphasis>m</emphasis></title>

</section>
<section id="_offene_punkte">
<title>Offene Punkte</title>

</section>
</section>
<section id="_infrastruktur_ebene_2">
<title>Infrastruktur Ebene 2</title>
<simpara><?asciidoc-pagebreak?></simpara>

</section>
</chapter>
<chapter id="section-concepts">
<title>Konzepte</title>
<section id="_fachliche_strukturen_und_modelle">
<title>Fachliche Strukturen und Modelle</title>

</section>
<section id="_typische_muster_und_strukturen">
<title>Typische Muster und Strukturen</title>

</section>
<section id="_persistenz">
<title>Persistenz</title>

</section>
<section id="_benutzungsoberfl_che">
<title>Benutzungsoberfläche</title>

</section>
<section id="_ergonomie">
<title>Ergonomie</title>

</section>
<section id="_ablaufsteuerung">
<title>Ablaufsteuerung</title>

</section>
<section id="_transaktionsbehandlung">
<title>Transaktionsbehandlung</title>

</section>
<section id="_sessionbehandlung">
<title>Sessionbehandlung</title>

</section>
<section id="_sicherheit">
<title>Sicherheit</title>

</section>
<section id="_kommunikation_und_integration_mit_anderen_it_systemen">
<title>Kommunikation und Integration mit anderen IT-Systemen</title>

</section>
<section id="_verteilung">
<title>Verteilung</title>

</section>
<section id="_plausibilisierung_und_validierung">
<title>Plausibilisierung und Validierung</title>

</section>
<section id="_ausnahme_fehlerbehandlung">
<title>Ausnahme-/Fehlerbehandlung</title>

</section>
<section id="_management_des_systems_administrierbarkeit">
<title>Management des Systems &amp; Administrierbarkeit</title>

</section>
<section id="_logging_protokollierung_tracing">
<title>Logging, Protokollierung, Tracing</title>

</section>
<section id="_gesch_ftsregeln">
<title>Geschäftsregeln</title>

</section>
<section id="_konfigurierbarkeit">
<title>Konfigurierbarkeit</title>

</section>
<section id="_parallelisierung_und_threading">
<title>Parallelisierung und Threading</title>

</section>
<section id="_internationalisierung">
<title>Internationalisierung</title>

</section>
<section id="_migration">
<title>Migration</title>

</section>
<section id="_testbarkeit">
<title>Testbarkeit</title>

</section>
<section id="_skalierung_clustering">
<title>Skalierung, Clustering</title>

</section>
<section id="_hochverf_gbarkeit">
<title>Hochverfügbarkeit</title>

</section>
<section id="_codegenerierung">
<title>Codegenerierung</title>

</section>
<section id="_buildmanagement">
<title>Buildmanagement</title>

</section>
<section id="_stapel_batchverarbeitung">
<title>Stapel-/Batchverarbeitung</title>

</section>
<section id="_drucken">
<title>Drucken</title>

</section>
<section id="_reporting">
<title>Reporting</title>

</section>
<section id="_archivierung">
<title>Archivierung</title>
<simpara><?asciidoc-pagebreak?></simpara>

</section>
</chapter>
<chapter id="section-design-decisions">
<title>Entwurfsentscheidungen</title>
<section id="_entwurfsentscheidung_1">
<title>Entwurfsentscheidung 1</title>
<section id="_fragestellung">
<title>Fragestellung</title>

</section>
<section id="_rahmenbedingungen">
<title>Rahmenbedingungen</title>

</section>
<section id="_annahmen">
<title>Annahmen</title>

</section>
<section id="_entscheidungskriterien">
<title>Entscheidungskriterien</title>

</section>
<section id="_betrachtete_alternativen">
<title>Betrachtete Alternativen</title>

</section>
<section id="_entscheidung">
<title>Entscheidung</title>
<simpara>&#8230;</simpara>
</section>
</section>
<section id="_entwurfsentscheidung_n">
<title>Entwurfsentscheidung n</title>
<simpara><?asciidoc-pagebreak?></simpara>

</section>
</chapter>
<chapter id="section-quality-scenarios">
<title>Qualitätsszenarien</title>
<section id="_qualit_tsbaum">
<title>Qualitätsbaum</title>

</section>
<section id="_bewertungsszenarien">
<title>Bewertungsszenarien</title>
<table frame="all"
    rowsep="1" colsep="1">
<title>Bewertungsszenarien</title>
  
  <tgroup cols="3">
    
    <colspec colname="col_1" colwidth="33*"/>
    
    <colspec colname="col_2" colwidth="33*"/>
    
    <colspec colname="col_3" colwidth="33*"/>
    
    
    <thead>
      
      <row>
        
        <entry align="left" valign="top">Szenario</entry>
        
        <entry align="left" valign="top">Auslöser</entry>
        
        <entry align="left" valign="top">Metrik</entry>
        
      </row>
      
    </thead>
    
    <tbody>
      
      <row>
        
        <entry align="left" valign="top"></entry>
        
        <entry align="left" valign="top"></entry>
        
        <entry align="left" valign="top"></entry>
        
      </row>
      
      <row>
        
        <entry align="left" valign="top"></entry>
        
        <entry align="left" valign="top"></entry>
        
        <entry align="left" valign="top"></entry>
        
      </row>
      
    </tbody>
    
  </tgroup>
</table>

<simpara><?asciidoc-pagebreak?></simpara>

</section>
</chapter>
<chapter id="section-technical-risks">
<title>Risiken</title>
<table frame="all"
    rowsep="1" colsep="1">
<title>Risiken</title>
  
  <tgroup cols="2">
    
    <colspec colname="col_1" colwidth="33*"/>
    
    <colspec colname="col_2" colwidth="66*"/>
    
    
    <thead>
      
      <row>
        
        <entry align="left" valign="top">Risiko</entry>
        
        <entry align="left" valign="top">Priorität</entry>
        
      </row>
      
    </thead>
    
    <tbody>
      
      <row>
        
        <entry align="left" valign="top"><simpara>Konsequenz</simpara></entry>
        
        <entry align="left" valign="top"><simpara>Erläuterung</simpara></entry>
        
      </row>
      
      <row>
        
        <entry align="left" valign="top"></entry>
        
        <entry align="left" valign="top"></entry>
        
      </row>
      
      <row>
        
        <entry align="left" valign="top"></entry>
        
        <entry align="left" valign="top"></entry>
        
      </row>
      
      <row>
        
        <entry align="left" valign="top"></entry>
        
        <entry align="left" valign="top"></entry>
        
      </row>
      
      <row>
        
        <entry align="left" valign="top"></entry>
        
        <entry align="left" valign="top"></entry>
        
      </row>
      
    </tbody>
    
  </tgroup>
</table>

<simpara><?asciidoc-pagebreak?></simpara>

</chapter>
<chapter id="section-glossary">
<title>Glossar</title>
<table frame="all"
    rowsep="1" colsep="1">
<title>Glossar</title>
  
  <tgroup cols="2">
    
    <colspec colname="col_1" colwidth="33*"/>
    
    <colspec colname="col_2" colwidth="66*"/>
    
    
    <thead>
      
      <row>
        
        <entry align="left" valign="top">Begriff</entry>
        
        <entry align="left" valign="top">Definition</entry>
        
      </row>
      
    </thead>
    
    <tbody>
      
      <row>
        
        <entry align="left" valign="top"><simpara>&lt;Begriff-1</simpara></entry>
        
        <entry align="left" valign="top"><simpara>Beschreibung-2</simpara></entry>
        
      </row>
      
      <row>
        
        <entry align="left" valign="top"><simpara>&lt;Begriff-2</simpara></entry>
        
        <entry align="left" valign="top"><simpara>Beschreibung-2</simpara></entry>
        
      </row>
      
    </tbody>
    
  </tgroup>
</table>

<simpara><?asciidoc-pagebreak?></simpara>

</chapter>
<appendix id="bibliography">
<title>Literatur und Verweise</title>
<variablelist>
<varlistentry>
<term>Starke-2014</term>
<listitem>
<simpara>Gernot Starke: Effektive Softwarearchitekturen -
Ein praktischer Leitfaden. Carl Hanser Verlag, 6, Auflage 2014.</simpara>
</listitem>
</varlistentry>
<varlistentry>
<term>Starke-Hruschka-2011</term>
<listitem>
<simpara>Gernot Starke und Peter Hruschka: Softwarearchitektur
kompakt. Springer Akademischer Verlag, 2. Auflage 2011.</simpara>
</listitem>
</varlistentry>
<varlistentry>
<term>Zörner-2013</term>
<listitem>
<simpara>Softwarearchitekturen dokumentieren und kommunizieren, Carl Hanser Verlag, 2012</simpara>
</listitem>
</varlistentry>
</variablelist>

<simpara><?asciidoc-pagebreak?></simpara>

</appendix>
<appendix id="_beispiele">
<title>Beispiele</title>
<itemizedlist>
<listitem>
<simpara><ulink url="http://aim42.github.io/htmlSanityCheck/hsc_arc42.html">HTML Sanity Checker</ulink> (englisch)</simpara>
</listitem>
<listitem>
<simpara><ulink url="http://www.dokchess.de/dokchess/arc42/">DocChess</ulink></simpara>
</listitem>
<listitem>
<simpara><ulink url="http://www.embarc.de/arc42-starschnitt-gradle/">Gradle</ulink></simpara>
</listitem>
<listitem>
<simpara><ulink url="http://arc42.org:8090/display/arc42beispielmamacrm">MaMa CRM</ulink></simpara>
</listitem>
<listitem>
<simpara><ulink url="http://confluence.arc42.org/display/migrationEg/Financial+Data+Migration">Financial Data Migration</ulink></simpara>
</listitem>
</itemizedlist>

<simpara><?asciidoc-pagebreak?></simpara>

</appendix>
<appendix id="contributions">
<title>Danksagung + Mitwirkung</title>
<simpara>arc42 stammt ursprünglich von
<ulink url="http://b-agile.de">Dr. Peter Hruschka</ulink> und
<ulink url="http://gernotstarke.de">Dr. Gernot Starke</ulink>.</simpara>
<variablelist>
<varlistentry>
<term>Quellen</term>
<listitem>
<simpara>Wir pflegen arc42 zur Zeit im <emphasis>asciidoc</emphasis> Format, gehosted bei
<ulink url="https://github.com/aim42/aim42">GitHub unter der arc42-Organisation</ulink>.</simpara>
</listitem>
</varlistentry>
<varlistentry>
<term>Issues</term>
<listitem>
<simpara>Wir pflegen eine Liste
<ulink url="https://github.com/arc42/arc42-template/issues">offener Punkte und Fehler</ulink>.</simpara>
</listitem>
</varlistentry>
</variablelist>

<simpara>Wir freuen uns, wenn Sie Fehler/Unklarheiten in einem Fork korrigieren
und uns einen <emphasis>pull request</emphasis> schicken!</simpara>
<section id="_mitwirkende">
<title>Mitwirkende</title>
<simpara>Wir danken ausdrücklich allen aktiven und früheren Mitwirkenden
sowie den zahlreichen (anonymen) Ratgebern, Fehlerfindern und
Anwendern für Ihre Hilfe und Unterstützung.</simpara>
<section id="_zur_zeit_aktiv">
<title>Zur Zeit aktiv</title>
<itemizedlist>
<listitem>
<simpara>Gernot Starke</simpara>
</listitem>
<listitem>
<simpara>Stefan Zörner</simpara>
</listitem>
<listitem>
<simpara>Markus Schärtel</simpara>
</listitem>
<listitem>
<simpara>Ralf D. Müller</simpara>
</listitem>
<listitem>
<simpara>Peter Hruschka</simpara>
</listitem>
<listitem>
<simpara>Jürgen Krey</simpara>
</listitem>
</itemizedlist>

</section>
<section id="_fr_here_mitwirkende">
<title>Frühere Mitwirkende</title>
<simpara>(in alfabetischer Reihenfolge)</simpara>
<itemizedlist>
<listitem>
<simpara>Anne Aloysius</simpara>
</listitem>
<listitem>
<simpara>Matthias Bohlen</simpara>
</listitem>
<listitem>
<simpara>Karl Eilebrecht</simpara>
</listitem>
<listitem>
<simpara>Manfred Ferken</simpara>
</listitem>
<listitem>
<simpara>Phillip Ghadir</simpara>
</listitem>
<listitem>
<simpara>Carsten Klein</simpara>
</listitem>
<listitem>
<simpara>Prof. Arne Koschel</simpara>
</listitem>
<listitem>
<simpara>Axel Scheithauer</simpara>
</listitem>
</itemizedlist>

<simpara><?asciidoc-pagebreak?></simpara>

</section>
</section>
</appendix>
<appendix id="_approved_practitioner_for_arc42">
<title>Approved Practitioner for arc42</title>
<simpara>(TODO)</simpara>
</appendix>
</book>