<?xml version="1.0" encoding="UTF-8"?>
<!DOCTYPE book PUBLIC "-//OASIS//DTD DocBook XML V4.5//EN" "http://www.oasis-open.org/docbook/xml/4.5/docbookx.dtd">
<?asciidoc-toc?>
<?asciidoc-numbered?>
<book xmlns="http://docbook.org/ns/docbook" lang="en">
<bookinfo>
<title><inlinemediaobject>
  <imageobject>
    <imagedata fileref="images/arc42-logo.png"/>
  </imageobject>
  <textobject><phrase>arc42</phrase></textobject>
</inlinemediaobject> Template</title>
<date>2014-10-10</date>



</bookinfo>
<chapter id="_about_arc42">
<title>About arc42</title>
<simpara role="lead">arc42, the Template for documentation of
software and system architecture.</simpara>
<simpara>By Dr. Gernot Starke, Dr. Peter Hruschka and contributors.</simpara>
<simpara>Template Revision: 6.5 EN (asciidoc-basiert), Juni 2014</simpara>
<simpara>&#169;
We acknowledge that this document uses material from the
arc 42 architecture template, <ulink url="http://www.arc42.de">http://www.arc42.de</ulink>.
Created by Dr. Peter Hruschka &amp; Dr. Gernot Starke.
For additional contributors see <ulink url="http://arc42.de/sonstiges/contributors.html">http://arc42.de/sonstiges/contributors.html</ulink></simpara>
<simpara><?asciidoc-hr?></simpara>

<note>
<simpara>This version of the template contains some help and explanations.
It is used for familiarization with arc42 and the understanding of the concepts.
For documentation of your own system you use better the <emphasis>plain</emphasis> version.</simpara>
</note>

<simpara><?asciidoc-pagebreak?></simpara>

</chapter>
<chapter id="section-introduction-and-goals">
<title>Introduction and Goals</title>
<simpara>The introduction to the architecture documentation should list the driving forces that software architects must consider in their decisions.
This includes on the one hand the fulfillment of functional requirements of the stakeholders, on the other hand the fulfillment of or compliance with required constraints, always in consideration of the architecture goals.</simpara>
<section id="_requirements_overview">
<title>Requirements Overview</title>
<sidebar role="arc42help">
<simpara>Short description of the functional requirements.
Digest (or abstract) of the requirements documents.
Reference to complete requirements documents (incl. version identification and location).</simpara>
<formalpara>
<title>Contents</title>
<para>A compact summary of the functional environment of the system. Answers the following questions (at least approximately):</para>
</formalpara>
<itemizedlist>
<listitem>
<simpara>What happens in the system’s environment?</simpara>
</listitem>
<listitem>
<simpara>Why should the system exist?</simpara>
</listitem>
<listitem>
<simpara>Why is the system valuable or important?</simpara>
</listitem>
<listitem>
<simpara>Which problems does the system solve?</simpara>
</listitem>
</itemizedlist>

<formalpara>
<title>Motivation</title>
<para>From the point of view of the end users a system is created or modified to improve execution of a business activity.
This essential architecture driver must not be neglected even though the quality of an architecture is mostly judged by its level of fulfillment of non-functional requirements.</para>
</formalpara>
<formalpara>
<title>Form</title>
<para>Short textual description, probably in tabular use-case format.
The business context should in any case refer to the corresponding requirements documents.</para>
</formalpara>
<formalpara>
<title>Examples</title>
<para>Short descriptions of the most important:</para>
</formalpara>
<itemizedlist>
<listitem>
<simpara>business processes</simpara>
</listitem>
<listitem>
<simpara>functional requirements</simpara>
</listitem>
<listitem>
<simpara>non-functional requirements and other constraints (the most important ones must be covered as architecture goals or are listed in the “Constraints” section), and/or</simpara>
</listitem>
<listitem>
<simpara>quantity structures</simpara>
</listitem>
<listitem>
<simpara>background information</simpara>
</listitem>
</itemizedlist>

<simpara>Here you can reuse parts of the requirements documents – but keep these
excerpts short and balance readability against avoidance of redundancy.</simpara>
</sidebar>

</section>
<section id="_quality_goals">
<title>Quality Goals</title>
<sidebar role="arc42help">
<formalpara>
<title>Contents</title>
<para>The top three (max five) goals for the architecture and/or constraints whose fulfillment is of highest importance to the major stakeholders. Goals that define the architecture’s quality could be:</para>
</formalpara>
<itemizedlist>
<listitem>
<simpara>availability</simpara>
</listitem>
<listitem>
<simpara>modifiability</simpara>
</listitem>
<listitem>
<simpara>performance</simpara>
</listitem>
<listitem>
<simpara>security</simpara>
</listitem>
<listitem>
<simpara>testability</simpara>
</listitem>
<listitem>
<simpara>usability</simpara>
</listitem>
</itemizedlist>

<formalpara>
<title>Motivation</title>
<para>If you as an architect do not know how the quality of your work can be judged …</para>
</formalpara>
<formalpara>
<title>Form</title>
<para>Simple tabular representation, ordered by priorities</para>
</formalpara>
<formalpara>
<title>Background Information</title>
<para><emphasis role="strong">NEVER</emphasis> start developing an architecture if these goals have not been put into writing and have not been signed by the major stakeholders.</para>
</formalpara>
<warning>
<simpara>We have endured projects lacking defined quality goals much too often.
We do not like to suffer, therefore we are by now highly convinced that
the few hours spent on collecting quality goals are well invested.
PH &amp; GS.</simpara>
</warning>

<formalpara>
<title>Sources</title>
<para>The DIN/ISO 92000 Standard contains an extensive set of possible quality goals.Or use chapters 10 – 17 of the <ulink url="http://www.volere.co.uk">VOLERE template</ulink> as a starting point .
PH</para>
</formalpara>
</sidebar>

</section>
<section id="_stakeholders">
<title>Stakeholders</title>
<sidebar role="arc42help">
<formalpara>
<title>Contents</title>
<para>A list of the most important persons or organizations that are affected by can contribute to the architecture.</para>
</formalpara>
<formalpara>
<title>Motivation</title>
<para>If you do not know the persons participating in or concerned with the project you may get nasty surprises later in the development process. Should your project manager maintain this list, make sure that all the people influencing the architecture are part of it.</para>
</formalpara>
<formalpara>
<title>Form</title>
<para>Simple table with role names, person names, their knowledge as pertaining to architecture, their availability, etc.
.Stakeholders</para>
</formalpara>
<informaltable frame="all"
    rowsep="1" colsep="1">
  
  <tgroup cols="2">
    
    <colspec colname="col_1" colwidth="33*"/>
    
    <colspec colname="col_2" colwidth="66*"/>
    
    
    <thead>
      
      <row>
        
        <entry align="left" valign="top">Role/Name</entry>
        
        <entry align="left" valign="top">Goal/Boundaries</entry>
        
      </row>
      
    </thead>
    
    <tbody>
      
      <row>
        
        <entry align="left" valign="top"><simpara>Expected Participation and Contribution</simpara></entry>
        
        <entry align="left" valign="top"><simpara>The name or role of a stakeholder</simpara></entry>
        
      </row>
      
      <row>
        
        <entry align="left" valign="top"><simpara>Why will this stakeholder have an interest in the architecture?</simpara></entry>
        
        <entry align="left" valign="top"><simpara>what do you expect as a contribution</simpara></entry>
        
      </row>
      
    </tbody>
    
  </tgroup>
</informaltable>

</sidebar>

<simpara><?asciidoc-pagebreak?></simpara>

</section>
</chapter>
<chapter id="section-architecture-constraints">
<title>Architecture Constraints</title>
<sidebar role="arc42help">
<formalpara>
<title>Contents</title>
<para>Any requirement that constrains software architects in their freedom of design decisions or the development process.</para>
</formalpara>
<formalpara>
<title>Motivation</title>
<para>Architects should know exactly where they are free in their design decisions and where they must adhere to constraints.
Constraints must always be dealt with; they may be negotiable, though.</para>
</formalpara>
<formalpara>
<title>Form</title>
<para>Informal lists, structured by the sub-sections of this section.</para>
</formalpara>
<formalpara>
<title>Examples</title>
<para>see subsections</para>
</formalpara>
<formalpara>
<title>Background information</title>
<para>In the optimal case constraints are defined by requirements. In any case, at least the architects must be aware of constraints.
The influence of constraints is described by [Hofmeister et al] (Software Architecture, A Practical Guide, Addison Wesley 1999)  using the term “global analysis”.</para>
</formalpara>
</sidebar>

<section id="_technical_constraints">
<title>Technical Constraints</title>
<sidebar role="arc42help">
<formalpara>
<title>Contents</title>
<para>List all technical constraints in this section. This category covers hard- and software infrastructure, applied technologies (operating systems, middleware, databases, programming languages, …).</para>
</formalpara>
</sidebar>

<table frame="all"
    rowsep="1" colsep="1">
<title>List of Technical Constraints</title>
  
  <tgroup cols="2">
    
    <colspec colname="col_1" colwidth="20*"/>
    
    <colspec colname="col_2" colwidth="80*"/>
    
    
    <thead>
      
      <row>
        
        <entry align="center" valign="top" namest="col_1" nameend="col_2">Technical Constraints</entry>
        
      </row>
      
    </thead>
    
    <tbody>
      
      <row>
        
        <entry align="center" valign="top" namest="col_1" nameend="col_2"><simpara><emphasis>Hardware Constraints</emphasis></simpara></entry>
        
      </row>
      
      <row>
        
        <entry align="left" valign="top"><simpara>C1</simpara></entry>
        
        <entry align="left" valign="top"><simpara>insert description here</simpara></entry>
        
      </row>
      
      <row>
        
        <entry align="left" valign="top"><simpara>C2</simpara></entry>
        
        <entry align="left" valign="top"><simpara>insert description here</simpara></entry>
        
      </row>
      
      <row>
        
        <entry align="left" valign="top"><simpara>C3</simpara></entry>
        
        <entry align="left" valign="top"><simpara>insert description here</simpara></entry>
        
      </row>
      
      <row>
        
        <entry align="center" valign="top" namest="col_1" nameend="col_2"><simpara><emphasis>Software Constraints</emphasis></simpara></entry>
        
      </row>
      
      <row>
        
        <entry align="left" valign="top"><simpara>C4</simpara></entry>
        
        <entry align="left" valign="top"><simpara>insert description here</simpara></entry>
        
      </row>
      
      <row>
        
        <entry align="left" valign="top"><simpara>C5</simpara></entry>
        
        <entry align="left" valign="top"><simpara>insert description here</simpara></entry>
        
      </row>
      
      <row>
        
        <entry align="left" valign="top"><simpara>C6</simpara></entry>
        
        <entry align="left" valign="top"><simpara>insert description here</simpara></entry>
        
      </row>
      
      <row>
        
        <entry align="center" valign="top" namest="col_1" nameend="col_2"><simpara><emphasis>Operating System Constraints</emphasis></simpara></entry>
        
      </row>
      
      <row>
        
        <entry align="left" valign="top"><simpara>C7</simpara></entry>
        
        <entry align="left" valign="top"><simpara>insert description here</simpara></entry>
        
      </row>
      
      <row>
        
        <entry align="left" valign="top"><simpara>C8</simpara></entry>
        
        <entry align="left" valign="top"><simpara>insert description here</simpara></entry>
        
      </row>
      
      <row>
        
        <entry align="left" valign="top"><simpara>C9</simpara></entry>
        
        <entry align="left" valign="top"><simpara>insert description here</simpara></entry>
        
      </row>
      
      <row>
        
        <entry align="center" valign="top" namest="col_1" nameend="col_2"><simpara><emphasis>Programming Constraints</emphasis></simpara></entry>
        
      </row>
      
      <row>
        
        <entry align="left" valign="top"><simpara>C10</simpara></entry>
        
        <entry align="left" valign="top"><simpara>insert description here</simpara></entry>
        
      </row>
      
      <row>
        
        <entry align="left" valign="top"><simpara>C11</simpara></entry>
        
        <entry align="left" valign="top"><simpara>insert description here</simpara></entry>
        
      </row>
      
      <row>
        
        <entry align="left" valign="top"><simpara>C12</simpara></entry>
        
        <entry align="left" valign="top"><simpara>insert description here</simpara></entry>
        
      </row>
      
    </tbody>
    
  </tgroup>
</table>

</section>
<section id="_organizational_constraints">
<title>Organizational Constraints</title>
<sidebar role="arc42help">
<formalpara>
<title>Contents</title>
<para>Enter all organizational, structural, and resource-related constraints. This category also covers standards and legal constraints that you must comply with.</para>
</formalpara>
</sidebar>

<table frame="all"
    rowsep="1" colsep="1">
<title>List of Organizational Constraints</title>
  
  <tgroup cols="2">
    
    <colspec colname="col_1" colwidth="20*"/>
    
    <colspec colname="col_2" colwidth="80*"/>
    
    
    <thead>
      
      <row>
        
        <entry align="center" valign="top" namest="col_1" nameend="col_2">Organizational Constraints</entry>
        
      </row>
      
    </thead>
    
    <tbody>
      
      <row>
        
        <entry align="center" valign="top" namest="col_1" nameend="col_2"><simpara><emphasis>Organization and Structure</emphasis></simpara></entry>
        
      </row>
      
      <row>
        
        <entry align="left" valign="top"><simpara>C1</simpara></entry>
        
        <entry align="left" valign="top"><simpara>insert description here</simpara></entry>
        
      </row>
      
      <row>
        
        <entry align="left" valign="top"><simpara>C2</simpara></entry>
        
        <entry align="left" valign="top"><simpara>insert description here</simpara></entry>
        
      </row>
      
      <row>
        
        <entry align="center" valign="top" namest="col_1" nameend="col_2"><simpara><emphasis>Resources (Budget, Time, Personnel)</emphasis></simpara></entry>
        
      </row>
      
      <row>
        
        <entry align="left" valign="top"><simpara>C3</simpara></entry>
        
        <entry align="left" valign="top"><simpara>insert description here</simpara></entry>
        
      </row>
      
      <row>
        
        <entry align="left" valign="top"><simpara>C4</simpara></entry>
        
        <entry align="left" valign="top"><simpara>insert description here</simpara></entry>
        
      </row>
      
      <row>
        
        <entry align="center" valign="top" namest="col_1" nameend="col_2"><simpara><emphasis>Organizational Standards</emphasis></simpara></entry>
        
      </row>
      
      <row>
        
        <entry align="left" valign="top"><simpara>C5</simpara></entry>
        
        <entry align="left" valign="top"><simpara>insert description here</simpara></entry>
        
      </row>
      
      <row>
        
        <entry align="left" valign="top"><simpara>C6</simpara></entry>
        
        <entry align="left" valign="top"><simpara>insert description here</simpara></entry>
        
      </row>
      
      <row>
        
        <entry align="center" valign="top" namest="col_1" nameend="col_2"><simpara><emphasis>Legal Factors</emphasis></simpara></entry>
        
      </row>
      
      <row>
        
        <entry align="left" valign="top"><simpara>C7</simpara></entry>
        
        <entry align="left" valign="top"><simpara>insert description here</simpara></entry>
        
      </row>
      
      <row>
        
        <entry align="left" valign="top"><simpara>C8</simpara></entry>
        
        <entry align="left" valign="top"><simpara>insert description here</simpara></entry>
        
      </row>
      
    </tbody>
    
  </tgroup>
</table>

</section>
<section id="_conventions">
<title>Conventions</title>
<sidebar role="arc42help">
<formalpara>
<title>Contents</title>
<para>List all conventions that are relevant for the development of your software architecture.</para>
</formalpara>
<formalpara>
<title>Form</title>
<para>Either insert the conventions directly in this document or refer to other documents.</para>
</formalpara>
<itemizedlist>
<listitem>
<simpara>Coding guidelines</simpara>
</listitem>
<listitem>
<simpara>Documentation guidelines</simpara>
</listitem>
<listitem>
<simpara>Guidelines for version and configuration management</simpara>
</listitem>
<listitem>
<simpara>Naming conventions</simpara>
</listitem>
</itemizedlist>

</sidebar>

<simpara><?asciidoc-pagebreak?></simpara>

</section>
</chapter>
<chapter id="section-system-scope-and-context">
<title>System Scope and Context</title>
<sidebar role="arc42help">
<formalpara>
<title>Contents</title>
<para>The context view defines the boundaries of the system under development to distinguish it from neighboring systems. It thereby identifies the system’s relevant external interfaces.
Make sure that the interfaces are specified with all their relevant aspects (what is communicated, in which format is it communicated, what is the transport medium, …), even though some popular diagrams (such as the UML use case diagram) represent only a few aspects of the interface.</para>
</formalpara>
<formalpara>
<title>Motivation</title>
<para>The interfaces to neighboring systems are among most critical and risky aspects of a project. Ensure early on that you have understood them in their entirety.</para>
</formalpara>
<itemizedlist>
<listitem>
<simpara>Various context diagram (see below)</simpara>
</listitem>
<listitem>
<simpara>Lists of neighboring systems and their interfaces.</simpara>
</listitem>
</itemizedlist>

</sidebar>

<section id="_business_context">
<title>Business Context</title>
<sidebar role="arc42help">
<formalpara>
<title>Contents</title>
<para>Identify <emphasis role="strong">all</emphasis>[^all_neighboring_systems] neighboring systems and specify all logical business data that is exchanged with the system under development. Add data formats and communication protocols with neighboring systems and the general environment if these are not specified in detail with the relevant components.</para>
</formalpara>
<simpara>[^all_neighboring_systems]: We often tend to a pragmatic approach – but here we <emphasis role="strong">insist</emphasis> on a list of all (a-l-l) neighboring systems. Too many projects have failed because they were not aware of their neighbors. :-(</simpara>
<formalpara>
<title>Motivation</title>
<para>Understanding the information exchange with neighboring systems (i.e. all input flows and all output flows).</para>
</formalpara>
<formalpara>
<title>Form</title>
<para>Logical context diagram.
In UML this can be simulated e.g. by class diagrams, use case diagrams, communications diagrams – i.e. all diagrams that represent the system as a black box and explain its interfaces to neighboring systems (in varying degrees of detail).
If there are many neighboring systems you can substitute the context diagram with a table, including all the neighboring systems, their inputs and their outputs.</para>
</formalpara>
</sidebar>

</section>
<section id="_technical_context">
<title>Technical Context</title>
<sidebar role="arc42help">
<formalpara>
<title>Contents</title>
<para>Specification of the communication channels linking your system to neighboring systems and the environment.</para>
</formalpara>
<formalpara>
<title>Motivation</title>
<para>Understanding of the media used for information exchange with neighboring systems, and the environment.</para>
</formalpara>
<formalpara>
<title>Form</title>
<para>E.g. UML deployment diagram describing channels to neighboring systems, together with a mapping table of logical input and output flows of the logical context diagram (3.1) to the channels.</para>
</formalpara>
</sidebar>

</section>
<section id="_external_interfaces">
<title>External Interfaces</title>
<sidebar role="arc42help">
<simpara>For many building blocks you can describe its interfaces directly in the black box template of the building block. For complex interfaces – and external interfaces are normally very complex – it is worth while to describe them in separate sections. Use the following interface template to guide you towards many questions that might be relevant for the interface.</simpara>
<simpara>==== Interface Template</simpara>
<table frame="all"
    rowsep="1" colsep="1">
<title>Interface Template</title>
  
  <tgroup cols="1">
    
    <colspec colname="col_1" colwidth="100*"/>
    
    
  </tgroup>
</table>

<simpara>===== Business Context of the Interface</simpara>
<simpara>===== Business Processes</simpara>
<simpara>&lt;Diagram or desciption of business processes relevant for this interface&gt;</simpara>
<simpara>===== Interface Data</simpara>
<simpara>&lt;Description of interface data&gt;</simpara>
<itemizedlist>
<listitem>
<simpara>Technical Context</simpara>
</listitem>
<listitem>
<simpara>Form of interaction</simpara>
</listitem>
</itemizedlist>

<simpara>=====  Requirements for the Interface</simpara>
<itemizedlist>
<listitem>
<simpara>&#8230;</simpara>
</listitem>
</itemizedlist>

<simpara>=====  Security Aspects</simpara>
<itemizedlist>
<listitem>
<simpara>&#8230;</simpara>
</listitem>
</itemizedlist>

<simpara>=====  Quantities</simpara>
<itemizedlist>
<listitem>
<simpara>Runtime</simpara>
</listitem>
<listitem>
<simpara>Throughput/Volume</simpara>
</listitem>
<listitem>
<simpara>Availability</simpara>
</listitem>
<listitem>
<simpara>Logging</simpara>
</listitem>
<listitem>
<simpara>Archiving</simpara>
</listitem>
</itemizedlist>

<simpara>=====  Participating Resources</simpara>
<itemizedlist>
<listitem>
<simpara>&#8230;</simpara>
</listitem>
</itemizedlist>

<simpara>=====  Syntax: Data and Formats</simpara>
<itemizedlist>
<listitem>
<simpara>Data Formats</simpara>
</listitem>
<listitem>
<simpara>Validity &amp; Plausibility Rules</simpara>
</listitem>
<listitem>
<simpara>Encoding, Character Sets</simpara>
</listitem>
<listitem>
<simpara>Configuration data</simpara>
</listitem>
</itemizedlist>

<simpara>=====  Syntax: Methods/Functions</simpara>
<itemizedlist>
<listitem>
<simpara>Check data</simpara>
</listitem>
</itemizedlist>

<simpara>=====  Interface Process</simpara>
<itemizedlist>
<listitem>
<simpara>Logical and technical processes</simpara>
</listitem>
</itemizedlist>

<simpara>===== Semantics</simpara>
<itemizedlist>
<listitem>
<simpara>Side effects, consequences</simpara>
</listitem>
</itemizedlist>

<simpara>===== Technical Infrastructure</simpara>
<itemizedlist>
<listitem>
<simpara>Technical protocols</simpara>
</listitem>
</itemizedlist>

<simpara>===== Error and Exception Handling</simpara>
<itemizedlist>
<listitem>
<simpara>&#8230;</simpara>
</listitem>
</itemizedlist>

<simpara>===== Constraints and Assumptions</simpara>
<itemizedlist>
<listitem>
<simpara>Access Rights</simpara>
</listitem>
<listitem>
<simpara>Temporal constraints</simpara>
</listitem>
<listitem>
<simpara>Parallel Access</simpara>
</listitem>
<listitem>
<simpara>Preconditions for using the interface</simpara>
</listitem>
</itemizedlist>

<simpara>===== Operating the Interface</simpara>
<itemizedlist>
<listitem>
<simpara>&#8230;</simpara>
</listitem>
</itemizedlist>

<simpara>===== Meta Information for the Interface</simpara>
<itemizedlist>
<listitem>
<simpara>Person in charge</simpara>
</listitem>
<listitem>
<simpara>Costs of using the interface</simpara>
</listitem>
<listitem>
<simpara>Organizational Issues</simpara>
</listitem>
<listitem>
<simpara>Versioning</simpara>
</listitem>
</itemizedlist>

<simpara>===== Examples of Using the Interface</simpara>
<itemizedlist>
<listitem>
<simpara>Sample data</simpara>
</listitem>
<listitem>
<simpara>Sample flows and interactions</simpara>
</listitem>
<listitem>
<simpara>Programming Examples</simpara>
</listitem>
</itemizedlist>

<simpara>==== External Interface 2
&lt;insert interface template&gt;</simpara>
<simpara>==== External Interface 3
&lt;insert interface template&gt;</simpara>
<simpara>==== &#8230;</simpara>
<simpara>==== External Interface n
&lt;insert interface template&gt;</simpara>
</sidebar>

<simpara><?asciidoc-pagebreak?></simpara>

</section>
</chapter>
<chapter id="section-solution-strategy">
<title>Solution Strategy</title>
<sidebar role="arc42help">
<formalpara>
<title>Contents</title>
<para>A short summary and explanation of the fundamental solution ideas and strategies.</para>
</formalpara>
<formalpara>
<title>Motivation</title>
<para>An architecture is often based upon some key solution ideas or strategies. These ideas should be familiar to everyone involved into the architecture.</para>
</formalpara>
<formalpara>
<title>Form</title>
<para>Diagrams and / or text, as appropriate. Keep it short, i.e. 1 or 2 pages at most!</para>
</formalpara>
</sidebar>

<simpara><?asciidoc-pagebreak?></simpara>

</chapter>
<chapter id="section-building-block-view">
<title>Building Block View</title>
<sidebar role="arc42help">
<formalpara>
<title>Contents</title>
<para>Static decomposition of the system into building blocks (modules, components, subsystems, subsidiary systems, classes, interfaces, packages, libraries, frameworks, layers, partitions, tiers, functions, macros, operations, data structures, …) and the relationships thereof.</para>
</formalpara>
<formalpara>
<title>Motivation</title>
<para>This is the most important view, that must be part of each architecture documentation. In building construction this would be the floor plan.</para>
</formalpara>
<formalpara>
<title>Form</title>
<para>The building block view is a hierarchical collection of black box and white box descriptions as shown in the following diagram:</para>
</formalpara>
<figure>
<title>Building Blocks overview</title>
  <mediaobject>
    <imageobject>
      <imagedata fileref="images/sections/images/05_building_blocks.png"/>
    </imageobject>
    <textobject><phrase>Bulding blocks overview</phrase></textobject>
  </mediaobject>
</figure>

<simpara><emphasis role="strong">Level 1</emphasis> contains the white box description of the overall system (system
under development/SUD) made up of black box descriptions of the
system’s building blocks.</simpara>
<simpara><emphasis role="strong">Level 2</emphasis> zooms into the building blocks of Level 1 and is thus made up of
the white box descriptions of all building blocks of Level 1 together
with the black box descriptions of the building blocks of Level 2.</simpara>
<simpara><emphasis role="strong">Level 3</emphasis> zooms into the building blocks of Level 2, etc.</simpara>
<simpara>The section is structured as follows:</simpara>
<formalpara>
<title>White Box Template</title>
<para>Contains multiple building blocks with corresponding black box descriptions.
One or more black box templates:
Each building block appearing in the white box template should be described as follows:</para>
</formalpara>
<itemizedlist>
<listitem>
<simpara>Purpose / Responsibility:</simpara>
</listitem>
<listitem>
<simpara>Interface(s):</simpara>
</listitem>
<listitem>
<simpara>Implemented requirements:</simpara>
</listitem>
<listitem>
<simpara>Variability:</simpara>
</listitem>
<listitem>
<simpara>Performance attributes:</simpara>
</listitem>
<listitem>
<simpara>Repository / Files:</simpara>
</listitem>
<listitem>
<simpara>Other administrative information: Author, Version, Date, Revision History</simpara>
</listitem>
<listitem>
<simpara>Open issues:</simpara>
</listitem>
</itemizedlist>

</sidebar>

<section id="_level_1">
<title>Level 1</title>
<sidebar role="arc42help">
<simpara>Here you describe the white box view of level 1 according to the white box template. The structure is given below.</simpara>
<simpara>The overview diagram describes the inner structure of the overall system in terms of building blocks 1 – n, as well as their relationships and interdependencies.</simpara>
<simpara>It is also useful to list the most important reasons that led to this structure, esp. as relevant to the interdependencies / relationships among the building blocks at this level.</simpara>
<simpara>You should also mention rejected alternatives incl. reasons for their rejection.</simpara>
</sidebar>

<simpara>The following diagram shows the main building blocks of the system and their interdependencies:</simpara>
<simpara>&lt;insert overview diagram here&gt;</simpara>
<simpara>Comments regarding structure and interdependencies at Level 1:</simpara>
<section id="_building_block_name_1_black_box_description">
<title>Building Block Name 1 (Black Box Description)</title>
<sidebar role="arc42help">
<simpara>Structure according to black box template:</simpara>
<itemizedlist>
<listitem>
<simpara>Purpose / Responsibility:</simpara>
</listitem>
<listitem>
<simpara>Interface(s):</simpara>
</listitem>
<listitem>
<simpara>Implemented requirements:</simpara>
</listitem>
<listitem>
<simpara>Variability:</simpara>
</listitem>
<listitem>
<simpara>Performance attributes:</simpara>
</listitem>
<listitem>
<simpara>Repository / Files:</simpara>
</listitem>
<listitem>
<simpara>Other administrative information: Author, Version, Date, Revision History</simpara>
</listitem>
<listitem>
<simpara>Open issues:</simpara>
</listitem>
</itemizedlist>

</sidebar>

<simpara>&lt;insert the building block’s black box template here&gt;</simpara>
</section>
<section id="_building_block_name_2_black_box_description">
<title>Building Block Name 2 (Black Box Description)</title>
<simpara>&lt;insert the building block’s black box template here&gt;</simpara>
</section>
<section id="_">
<title>&#8230;</title>
<simpara>&lt;insert the building block’s black box template here&gt;</simpara>
</section>
<section id="_building_block_name_n_black_box_description">
<title>Building Block Name n (Black Box Description)</title>
<simpara>&lt;insert the building block’s black box template here&gt;</simpara>
</section>
<section id="_open_issues">
<title>Open Issues</title>

</section>
</section>
<section id="_level_2">
<title>Level 2</title>
<sidebar role="arc42help">
<simpara>Describe all building blocks comprising level 1 as a series of white box templates. The structure is given below for three building blocks and should be duplicated as needed.</simpara>
</sidebar>

<section id="_building_block_name_1_white_box_description">
<title>Building Block Name 1 (White Box Description)</title>
<sidebar role="arc42help">
<simpara>Shows the inner workings of the building block in form of a diagrams with local building blocks 1 – n, as well as their relationships and interdependencies.</simpara>
<simpara>It is also useful to list the most important reasons that led to this structure, esp. as relevant to the interdependencies / relationships among the building blocks at this level.</simpara>
<simpara>You should also mention rejected alternatives incl. reasons for their rejection.</simpara>
</sidebar>

<simpara>&lt;insert diagram of building block 1 here&gt;</simpara>
<section id="_building_block_name_1_1_black_box_description">
<title>Building Block Name 1.1 (Black Box Description)</title>
<sidebar role="arc42help">
<simpara>Structure according to black box template:</simpara>
<itemizedlist>
<listitem>
<simpara>Purpose / Responsibility:</simpara>
</listitem>
<listitem>
<simpara>Interface(s):</simpara>
</listitem>
<listitem>
<simpara>Implemented requirements:</simpara>
</listitem>
<listitem>
<simpara>Variability:</simpara>
</listitem>
<listitem>
<simpara>Performance attributes:</simpara>
</listitem>
<listitem>
<simpara>Repository / Files:</simpara>
</listitem>
<listitem>
<simpara>Other administrative information: Author, Version, Date, Revision History</simpara>
</listitem>
<listitem>
<simpara>Open issues:</simpara>
</listitem>
</itemizedlist>

</sidebar>

</section>
<section id="_building_block_name_1_2_black_box_description">
<title>Building Block Name 1.2 (Black Box Description)</title>
<simpara>Structure according to black box template</simpara>
</section>
<section id="__2">
<title>&#8230;</title>

</section>
<section id="_building_block_name_1_n_black_box_description">
<title>Building Block Name 1.n (Black Box Description)</title>
<sidebar role="arc42help">
<simpara>Structure according to black box template</simpara>
</sidebar>

</section>
<section id="_description_of_relationships">
<title>Description of Relationships</title>

</section>
<section id="_open_issues_2">
<title>Open Issues</title>

</section>
</section>
<section id="_building_block_name_2_white_box_description">
<title>Building Block Name 2 (White Box Description)</title>
<simpara>…</simpara>
<simpara>&lt;insert diagram of building block 2 here&gt;</simpara>
<section id="_building_block_name_2_1_black_box_description">
<title>Building Block Name 2.1 (Black Box Description)</title>
<simpara>Structure according to black box template</simpara>
</section>
<section id="_building_block_name_2_2_black_box_description">
<title>Building Block Name 2.2 (Black Box Description)</title>
<sidebar role="arc42help">
<simpara>Structure according to black box template</simpara>
</sidebar>

</section>
<section id="__3">
<title>&#8230;</title>

</section>
<section id="_building_block_name_2_n_black_box_description">
<title>Building Block Name 2.n (Black Box Description)</title>
<sidebar role="arc42help">
<simpara>Structure according to black box template</simpara>
</sidebar>

</section>
<section id="_description_of_relationships_2">
<title>Description of Relationships</title>

</section>
<section id="_open_issues_3">
<title>Open Issues</title>

</section>
</section>
<section id="_building_block_name_3_white_box_description">
<title>Building Block Name 3 (White Box Description)</title>
<simpara>&#8230;</simpara>
<simpara>&lt;insert diagram of building block 3 here&gt;</simpara>
<section id="_building_block_name_3_1_black_box_description">
<title>Building Block Name 3.1 (Black Box Description)</title>
<sidebar role="arc42help">
<simpara>Structure according to black box template</simpara>
</sidebar>

</section>
<section id="_building_block_name_3_2_black_box_description">
<title>Building Block Name 3.2 (Black Box Description)</title>
<sidebar role="arc42help">
<simpara>Structure according to black box template</simpara>
</sidebar>

</section>
<section id="__4">
<title>&#8230;</title>

</section>
<section id="_building_block_name_3_n_black_box_description">
<title>Building Block Name 3.n (Black Box Description)</title>
<sidebar role="arc42help">
<simpara>Structure according to black box template</simpara>
</sidebar>

</section>
<section id="_description_of_relationships_3">
<title>Description of Relationships</title>

</section>
<section id="_open_issues_4">
<title>Open Issues</title>

</section>
</section>
</section>
<section id="_level_3">
<title>Level 3</title>
<sidebar role="arc42help">
<simpara>Describe all building blocks comprising level 2 as a series of white box templates. The structure is identical to the structure of level 2. Duplicate the corresponding sub-sections as needed.
Simply use this section structure for any additional levels you would like to describe.</simpara>
</sidebar>

<simpara><?asciidoc-pagebreak?></simpara>

</section>
</chapter>
<chapter id="section-runtime-view">
<title>Runtime View</title>
<sidebar role="arc42help">
<formalpara>
<title>Contents</title>
<para>alternative terms:</para>
</formalpara>
<itemizedlist>
<listitem>
<simpara>Dynamic view</simpara>
</listitem>
<listitem>
<simpara>Process view</simpara>
</listitem>
<listitem>
<simpara>Workflow view</simpara>
</listitem>
</itemizedlist>

<simpara>This view describes the behavior and interaction of the system’s building blocks as runtime elements (processes, tasks, activities, threads, …).</simpara>
<simpara>Select interesting runtime scenarios such as:</simpara>
<itemizedlist>
<listitem>
<simpara>How are the most important use cases executed by the architectural building blocks?</simpara>
</listitem>
<listitem>
<simpara>Which instances of architectural building blocks are created at runtime and how are they started, controlled, and stopped.</simpara>
</listitem>
<listitem>
<simpara>How do the system’s components co-operate with external and pre-existing components?</simpara>
</listitem>
<listitem>
<simpara>How is the system started (covering e.g. required start scripts, dependencies on external systems, databases, communications systems, etc.)?</simpara>
</listitem>
</itemizedlist>

<note>
<simpara>The main criterion for the choice of possible scenarios (sequences, workflows) is their <emphasis role="strong">architectural relevancy</emphasis>. It is <emphasis role="strong">not</emphasis> important to describe a large number of scenarios. You should rather document a representative selection.</simpara>
</note>

<simpara>Candidates are:</simpara>
<orderedlist numeration="arabic">
<listitem>
<simpara>The top 3 – 5 use cases</simpara>
</listitem>
<listitem>
<simpara>System startup</simpara>
</listitem>
<listitem>
<simpara>The system’s behavior on its most important external interfaces</simpara>
</listitem>
<listitem>
<simpara>The system’s behavior in the most important error situations</simpara>
</listitem>
</orderedlist>

<formalpara>
<title>Motivation</title>
<para>Especially for object-oriented architectures it is not sufficient to specify the building blocks with their interfaces, but also how instances of building blocks interact during runtime.</para>
</formalpara>
<formalpara>
<title>Form</title>
<para>Document the chosen scenarios using UML sequence, activity or communications diagrams. Enumerated lists are sometimes feasible.</para>
</formalpara>
<simpara>Using object diagrams you can depict snapshots of existing runtime objects as well as instantiated relationships. The UML allows to distinguish between active and passive objects.</simpara>
</sidebar>

<section id="_runtime_scenario_1">
<title>Runtime Scenario 1</title>
<sidebar role="arc42help">
<itemizedlist>
<listitem>
<simpara>Runtime diagram (or other adequate description of scenario!)</simpara>
</listitem>
<listitem>
<simpara>Description of the notable aspects of the interactions between the building block instances depicted in this diagram.</simpara>
</listitem>
</itemizedlist>

</sidebar>

</section>
<section id="_runtime_scenario_2">
<title>Runtime Scenario 2</title>
<sidebar role="arc42help">
<itemizedlist>
<listitem>
<simpara>Runtime diagram (or other adequate description of scenario!)</simpara>
</listitem>
<listitem>
<simpara>Description of the notable aspects of the interactions between the building block instances depicted in this diagram.</simpara>
</listitem>
</itemizedlist>

</sidebar>

</section>
<section id="__5">
<title>&#8230;</title>
<simpara>some more</simpara>
</section>
<section id="_runtime_scenario_n">
<title>Runtime Scenario n</title>
<sidebar role="arc42help">
<itemizedlist>
<listitem>
<simpara>Runtime diagram (or other adequate description of scenario!)</simpara>
</listitem>
<listitem>
<simpara>Description of the notable aspects of the interactions between the building block instances depicted in this diagram.</simpara>
</listitem>
</itemizedlist>

</sidebar>

<simpara><?asciidoc-pagebreak?></simpara>

</section>
</chapter>
<chapter id="section-deployment-view">
<title>Deployment View</title>
<sidebar role="arc42help">
<formalpara>
<title>Contents</title>
<para>This view describes the environment within which the system is executed. It describes the geographic distribution of the system or the structure of the hardware components that execute the software. It documents workstations, processors, network topologies and channels, as well as other elements of the physical system environment. The deployment view shows the system from the operator’s point of view.
Please explain how the systems’ building blocks are aggregated or packaged into deployment artifacts or deployment units.</para>
</formalpara>
<formalpara>
<title>Motivation</title>
<para>Software is not much use without hardware. The minimum that is needed by you as a software architect is sufficient detail of the underlying (hardware) deployment so that you can assign each software building block that is relevant for the system’s operations to some hardware element. (This also holds for any COTS that is a prerequisite for the operations of the overall system.) These models should enable the operator to properly install the software.</para>
</formalpara>
<formalpara>
<title>Form</title>
<para>The UML provides deployment diagrams for describing this view. Use these – possibly in a nested manner if necessary. (The top level deployment diagram should already be part of your context view, showing your infrastructure as a single black box (cf. chapter 3.2). Here you are zooming into this black box with additional deployment diagrams.)
Diagrams by your hardware-oriented colleagues who describe processors and channels are also usable. You should abstract these to aspects relevant for software deployment.</para>
</formalpara>
</sidebar>

<section id="_infrastructure_level_1">
<title>Infrastructure Level 1</title>
<section id="_deployment_diagram_level_1">
<title>Deployment Diagram Level 1</title>
<sidebar role="arc42help">
<itemizedlist>
<listitem>
<simpara>Shows the deployment of the overall system to 1 – n processors or sites as well as the physical connections among these elements.</simpara>
</listitem>
<listitem>
<simpara>Lists the most important reasons that led to this deployment structure, i.e. the specific selection of nodes and channels.</simpara>
</listitem>
<listitem>
<simpara>Should also mention rejected alternatives incl. reasons for their rejection.</simpara>
</listitem>
</itemizedlist>

</sidebar>

</section>
<section id="_processor_1">
<title>Processor 1</title>
<simpara>&lt;insert node template here&gt;</simpara>
<sidebar role="arc42help">
<simpara><emphasis role="strong">Node Template:</emphasis></simpara>
<itemizedlist>
<listitem>
<simpara>Description</simpara>
</listitem>
<listitem>
<simpara>Deployed software building blocks</simpara>
</listitem>
<listitem>
<simpara>Quality attributes (performance, constraints, &#8230;)</simpara>
</listitem>
<listitem>
<simpara>Other administrative information</simpara>
</listitem>
<listitem>
<simpara>Open issues</simpara>
</listitem>
</itemizedlist>

</sidebar>

</section>
<section id="_processor_2">
<title>Processor 2</title>
<simpara>&lt;insert node template here&gt;</simpara>
</section>
<section id="__6">
<title>&#8230;</title>

</section>
<section id="_processor_n">
<title>Processor n</title>
<simpara>&lt;insert node template here&gt;</simpara>
</section>
<section id="_channel_1">
<title>Channel 1</title>
<sidebar role="arc42help">
<formalpara>
<title>Contents</title>
<para>Specification of the channel’s attributes, as relevant for software architecture.</para>
</formalpara>
<formalpara>
<title>Motivation</title>
<para>Specify at least those attributes of the communications channels that you need for proving fulfillment of non-functional requirements such as maximal throughput, probability for faults, etc.</para>
</formalpara>
<formalpara>
<title>Form</title>
<para>Often you will refer to a standard (e.g. CAN-Bus, 10Mbit Ethernet, IEEE 1394, &#8230;).</para>
</formalpara>
<simpara>If you need more information use a structure similar to the node template (especially to document quality aspects of channels like throughput, error rates, &#8230;)</simpara>
</sidebar>

</section>
<section id="_channel_2">
<title>Channel 2</title>

</section>
<section id="__7">
<title>&#8230;</title>

</section>
<section id="_channel_m">
<title>Channel m</title>

</section>
</section>
<section id="_infrastructure_level_2">
<title>Infrastructure Level 2</title>
<sidebar role="arc42help">
<formalpara>
<title>Contents</title>
<para>Additional deployment diagrams with similar structure as above, refining each node of infrastructure level 1 that needs more details to map the software blocks.</para>
</formalpara>
<formalpara>
<title>Motivation</title>
<para>To describe additional details of the infrastructure, as needed by software deployment.</para>
</formalpara>
</sidebar>

<simpara><?asciidoc-pagebreak?></simpara>

</section>
</chapter>
<chapter id="section-concepts">
<title>Concepts</title>
<sidebar role="arc42help">
<formalpara>
<title>Contents</title>
<para>The following chapters cover examples of frequent cross-cutting concerns (a.k.a. aspects in some programming languages)
Fill in these chapters if there is <emphasis role="strong">NO</emphasis> building block that covers this aspect. If some of the concepts are not relevant for your project mention this fact instead of removing the section.</para>
</formalpara>
<formalpara>
<title>Motivation</title>
<para>Some concept cannot be “factored” into a separate building block of the architecture (e.g. the topic “security”). This section of the template is the location where you can describe all decision for such a cross cutting topic in one central place. Nevertheless, you have to make sure that all your building blocks conform to such decisions.</para>
</formalpara>
<formalpara>
<title>Form</title>
<para>The form can be varied. Some concepts are plain natural language text with a freely chosen structure, some others may include models/scenarios using notations that are also applied in architecture views.</para>
</formalpara>
</sidebar>

<section id="_domain_models">
<title>Domain Models</title>
<formalpara>
<title>Contents</title>
<para>Business (or logical) models, domain models - they all describe subject-specific, business aspects, without relation to technology.
Often these structures or concepts are re-used at many places within an architecture, especially within chapter [Building Block View]…</para>
</formalpara>
<formalpara>
<title>Motivation</title>
<para>Often parts of these models reappear in the building block view, but in order to „keep them clean from technnology“  they can be captured as a concept.</para>
</formalpara>
<formalpara>
<title>Form</title>
<para>Usually either ER-Models (Entity-Relationship Models) or UML class diagrams (mainly containing entity classes) are used to document domain models.</para>
</formalpara>
</section>
<section id="_recurring_or_generic_structures_and_patterns">
<title>Recurring or Generic Structures and Patterns</title>
<sidebar role="arc42help">
<formalpara>
<title>Motivation</title>
<para>Sometimes a hierarchical decomposition of building blocks is insufficient for giving an overview of detailed interdependencies between individual building blocks. The following sections are intended to describe generic or specific dependencies among any set of building blocks – possibly even across different levels.
We call a dependency <emphasis role="strong">generic</emphasis> if it appears more than once in the architecture, and *specific*if it is unique.</para>
</formalpara>
<formalpara>
<title>Form</title>
<para>Use building block models (class diagrams, package diagrams, component diagrams, etc.) and related descriptions in the same way as in the hierarchical decomposition.
Often it is practical to support understandability by adding specific
runtime views to explain these recurring structures.</para>
</formalpara>
</sidebar>

<section id="_ecurring_or_generic_structure_1">
<title>ecurring or Generic Structure 1</title>
<simpara>&lt;insert diagram and descriptions here&gt;</simpara>
</section>
<section id="_recurring_or_generic_structure_2">
<title>Recurring or Generic Structure 2</title>
<simpara>&lt;insert diagram and descriptions here&gt;</simpara>
</section>
</section>
<section id="_persistency">
<title>Persistency</title>
<sidebar role="arc42help">
<simpara>Persistency means moving data from (volatile) memory to a durable storage medium (and back).</simpara>
<simpara>Some of the data that a software system is processing must be written to and read from persistent storage media.</simpara>
<itemizedlist>
<listitem>
<simpara>Volatile storage media (main memory or cache) are not designed for permanent storage. Data is lost if the hardware is switched off.</simpara>
</listitem>
<listitem>
<simpara>The amount of data processed by commercial software systems normally exceeds the capacity of main memory.</simpara>
</listitem>
<listitem>
<simpara>Hard disks, optical media and tapes often contain large amounts of existing business data that represent a significant investment.</simpara>
</listitem>
</itemizedlist>

<simpara>Persistency is a technical issue that normally does not appear as part of the actual business functionality. An architect must deal with this issue nevertheless because most software systems require efficient access to persistently stored data. This is relevant for essentially all commercial and most technical systems; embedded systems on the other hand often differ in their data management requirements.</simpara>
</sidebar>

</section>
<section id="_user_interface">
<title>User Interface</title>
<sidebar role="arc42help">
<simpara>Software systems that are used interactively by (human) users require a user interface. These can be graphical, textual, or voice user interfaces.</simpara>
</sidebar>

</section>
<section id="_ergonomics">
<title>Ergonomics</title>
<sidebar role="arc42help">
<simpara>Ergonomics of software systems deals with the improvement (optimization) of their usability with respect to objective and subjective factors. Key ergonomic factors are user interface, reactivity (subjective performance) as well as availability and robustness of the system.</simpara>
</sidebar>

</section>
<section id="_flow_of_control">
<title>Flow of Control</title>
<sidebar role="arc42help">
<simpara>Flow of control for software systems is related to visible flows (on the - graphical - user interface) as well as the flow of background activities. Therefore this section should cover control of the user interface as well as control of workflows.</simpara>
</sidebar>

</section>
<section id="_transaction_procession">
<title>Transaction Procession</title>
<sidebar role="arc42help">
<simpara>A transaction is a sets of operations or activities that must be processed either in its entirety or not at all. The term is especially relevant in the database area with the important notion of ACID-transactions (atomic, consistent, isolated, durable).</simpara>
</sidebar>

</section>
<section id="_session_handling">
<title>Session Handling</title>
<sidebar role="arc42help">
<simpara>A session identifies an active connection between a client and a server. The session state must be preserved, which is esp. important if stateless protocols such as HTTP are used for communications. Session handling is a critical challenge esp. for intra- and internet-systems and can strongly influence the performance of a system.</simpara>
</sidebar>

</section>
<section id="_security">
<title>Security</title>
<sidebar role="arc42help">
<simpara>The security of software systems deals with mechanisms that ensure data confidentiality, integrity, and availability.</simpara>
<simpara>Typical issues are:</simpara>
<itemizedlist>
<listitem>
<simpara>How can data be protected during transport (e.g. via open networks such as the internet)?</simpara>
</listitem>
<listitem>
<simpara>How can communicating entities ensure mutual trust?</simpara>
</listitem>
<listitem>
<simpara>How can communicating entities identify each other and be protected against faked identities?</simpara>
</listitem>
<listitem>
<simpara>How can communicating entities prove data provenience or certify validity of data?</simpara>
</listitem>
</itemizedlist>

<simpara>The topic of IT-security often touches upon legal aspects, sometimes even international law.</simpara>
</sidebar>

</section>
<section id="_safety">
<title>Safety</title>
<sidebar role="arc42help">
<simpara>The safety of software systems deals with mechanisms that ensure that human life or our environment is not endangered.
Describe your concept here: identify those parts of the system that might endanger life and describe mechanism to ensure proper safety.</simpara>
</sidebar>

</section>
<section id="_communications_and_integration">
<title>Communications and Integration</title>
<sidebar role="arc42help">
<simpara><emphasis role="strong">Communication</emphasis>: Exchange of data between system components. Covers communications within one process or address space, between different processes (inter-process communication – IPC), and between different systems.</simpara>
<simpara><emphasis role="strong">Integration</emphasis>: Combination of existing systems in a new context. Also known as: (Legacy) Wrapper, Gateway, Enterprise Application Integration (EAI).</simpara>
</sidebar>

</section>
<section id="_distribution">
<title>Distribution</title>
<sidebar role="arc42help">
<simpara><emphasis role="strong">Distribution</emphasis>: Design of software systems whose parts are executed on different – physically separated – hardware systems.</simpara>
<simpara>Distribution covers issues such as calling methods on remote systems (remote procedure call – RPC or remote method invocation – RMI), the transfer of data or documents among distributed parties, the choice of optimal modes of interaction or communications patterns (such as synchronous / asynchronous, publish-subscribe, peer-to-peer).</simpara>
</sidebar>

</section>
<section id="_plausibility_and_validity_checks">
<title>Plausibility and Validity Checks</title>
<sidebar role="arc42help">
<simpara>How and where do you check plausibility and validity of (input) data, esp. user inputs?</simpara>
</sidebar>

</section>
<section id="_exception_error_handling">
<title>Exception/Error Handling</title>
<sidebar role="arc42help">
<simpara>How are exceptions and errors handled systematically and consistently?</simpara>
<simpara>How can the system reach a consistent state after an error? Is this done automatically or is manual interaction required?</simpara>
<simpara>This aspect is also related to logging and tracing,</simpara>
<simpara>Which kind of exceptions and errors are handled by the system? Which kinds of errors are forwarded to which external interface and which are handled fully internally?</simpara>
<simpara>How do you use the exception handling mechanisms of your programming language? Do you use checked or unchecked exceptions?</simpara>
</sidebar>

</section>
<section id="_system_management_and_administration">
<title>System Management and Administration</title>
<sidebar role="arc42help">
<simpara>Larger software systems are often executed in controlled environments (data centers) under oversight of operators or administrators. These stakeholders require specific information on the applications’ states during runtime as well as special means of control and configuration.</simpara>
</sidebar>

</section>
<section id="_logging_tracing">
<title>Logging, Tracing</title>
<sidebar role="arc42help">
<simpara>There are two ways of documenting an application’s status during runtime: <emphasis role="strong">Logging</emphasis> and <emphasis role="strong">Tracing</emphasis>. In both cases the application is extended with function or method calls that write state information, but there is a difference in their usage:</simpara>
<itemizedlist>
<listitem>
<simpara>Logging can cover business or technical aspects or any combination of both.</simpara>
</listitem>
<listitem>
<simpara>Business logs are normally prepared for end users, administrators or operators. They contain information on the business processes that are executed by the application. This kind of logging may also be related to auditing.</simpara>
</listitem>
<listitem>
<simpara>Technical logs contain information for operators or developers. These are used for error detection and system optimization.</simpara>
</listitem>
<listitem>
<simpara>Tracing is intended to provide debugging information for developers or support personnel. It is primarily used for error detection and analysis.</simpara>
</listitem>
</itemizedlist>

</sidebar>

</section>
<section id="_business_rules">
<title>Business Rules</title>
<sidebar role="arc42help">
<simpara>How do you deal with business logic and business rules? Is business logic implemented in the corresponding business classes or is it handled in a central component? Do you use a rule engine for the interpretation of business rules (production system, forward-/backward-chaining)?</simpara>
</sidebar>

</section>
<section id="_configurability">
<title>Configurability</title>
<sidebar role="arc42help">
<simpara>The flexibility of a software system is influenced by its configurability, i.e. the possibility to make certain decisions about usage of the system at a late point in time.</simpara>
<simpara>Configurability can occur at the following events:</simpara>
<itemizedlist>
<listitem>
<simpara>During development: For example server, file, or directory names could be stored directly in the code (“hard-coded”).</simpara>
</listitem>
<listitem>
<simpara>During deployment or installation: Configuration information for a specific installation (such as the installation path) can be given.</simpara>
</listitem>
<listitem>
<simpara>At system startup: Information can be read dynamically before or during system startup.</simpara>
</listitem>
<listitem>
<simpara>During application execution: Configuration information is queried or read during runtime.</simpara>
</listitem>
</itemizedlist>

</sidebar>

</section>
<section id="_parallelization_and_threading">
<title>Parallelization and Threading</title>
<sidebar role="arc42help">
<simpara>Applications can be executed in parallel processes or threads. This creates a need for synchronization points. The theory of parallel processing serves as a foundation for this aspect. The architecture and implementation of parallel systems needs to consider many technical details such as address spaces, applied mechanisms for synchronization –
guards, semaphores, etc. – processes and threads, parallelism in the operating system, parallelism in virtual machines. etc.</simpara>
</sidebar>

</section>
<section id="_internationalization">
<title>Internationalization</title>
<sidebar role="arc42help">
<simpara>This section covers support for usage of the system in different countries, i.e. adjusting the system to country specific attributes. Internationalization (often abbreviated as “i18n” where “18” refers to the eighteen characters between the I and the n) covers translation of text, usage of character encodings, display of fonts, writing of numbers and dates, and other (external) aspects.</simpara>
</sidebar>

</section>
<section id="_migration">
<title>Migration</title>
<sidebar role="arc42help">
<simpara>In many cases a new software system is intended to replace an existing legacy system. As an architect you should not only consider your shiny new architecture but also all organizational and technical aspects that must be considered for the introduction or migration of the architecture.</simpara>
<itemizedlist>
<listitem>
<simpara>Concept, process, or tools for data transfer and initial data creation.</simpara>
</listitem>
<listitem>
<simpara>Concept for system introduction or temporary parallel operations of legacy system and new system.</simpara>
</listitem>
</itemizedlist>

<simpara>Is it necessary to migrate existing data? How do you execute any needed syntactic or semantic transformations?</simpara>
</sidebar>

</section>
<section id="_testability">
<title>Testability</title>
<sidebar role="arc42help">
<simpara>Support for simple (and if possible automated) tests. This aspect is the basis for the important implementation pattern of “continuous integration”. Projects should support at least daily build-and-test cycles. Important keywords for this aspect are unit tests and mock objects.</simpara>
</sidebar>

</section>
<section id="_scaling_clustering">
<title>Scaling, Clustering</title>
<sidebar role="arc42help">
<simpara>How can your system grow in a way that can cope with more load or a larger number of users and still keep up performance and throughput.</simpara>
</sidebar>

</section>
<section id="_high_availability">
<title>High Availability</title>
<sidebar role="arc42help">
<simpara>How can you achieve high availability of your system? Do you use redundancy of major parts? Or do you distribute your system to different processors or locations. Are you running standby- systems?</simpara>
</sidebar>

</section>
<section id="_code_generation">
<title>Code Generation</title>
<sidebar role="arc42help">
<simpara>How and where do you use code generators to create parts of the system from models or domain specific languages (DSL’s)?</simpara>
</sidebar>

</section>
<section id="_build_management">
<title>Build-Management</title>
<sidebar role="arc42help">
<simpara>How is the overall system created from is (source code) building blocks? Which repositories contain source code, where are configuration files, test cases, test data and build scripts (make, ant, maven) stored?</simpara>
</sidebar>

<simpara><?asciidoc-pagebreak?></simpara>

</section>
</chapter>
<chapter id="section-design-decisions">
<title>Design Decisions</title>
<sidebar role="arc42help">
<formalpara>
<title>Contents</title>
<para>Document all important design decisions and their reasons!</para>
</formalpara>
<formalpara>
<title>Motivation</title>
<para>It is advantageous if all important design decisions can be found in one place. It is up to you to decide if a decision should be documented here or rather locally (e.g. in the white box descriptions of building blocks). In any case avoid redundancies.</para>
</formalpara>
<formalpara>
<title>Form</title>
<para>Informal list, if possible ordered by the decisions’ importance for the reader. Use the following template to structure your decisions.</para>
</formalpara>
</sidebar>

<section id="_decision_topic_template">
<title>Decision Topic Template</title>
<sidebar role="arc42help">
<title>Problem</title>
<itemizedlist>
<listitem>
<simpara>What exactly is the challenge?</simpara>
</listitem>
<listitem>
<simpara>Why is it relevant for the architecture?</simpara>
</listitem>
<listitem>
<simpara>What consequences does the decision have?</simpara>
</listitem>
</itemizedlist>

</sidebar>

<sidebar role="arc42help">
<title>Constraints</title>
<itemizedlist>
<listitem>
<simpara>Which constraints do you have to keep in mind?</simpara>
</listitem>
<listitem>
<simpara>What factors influence the decision?</simpara>
</listitem>
</itemizedlist>

</sidebar>

<sidebar role="arc42help">
<title>Assumptions</title>
<itemizedlist>
<listitem>
<simpara>Which assumption have you made?</simpara>
</listitem>
<listitem>
<simpara>How can you check those assumptions?</simpara>
</listitem>
<listitem>
<simpara>Which risks are you facing?</simpara>
</listitem>
</itemizedlist>

</sidebar>

<sidebar role="arc42help">
<title>Considered Alternatives</title>
<itemizedlist>
<listitem>
<simpara>Which alternative options did you consider?</simpara>
</listitem>
<listitem>
<simpara>How do you judge each one?</simpara>
</listitem>
<listitem>
<simpara>Which alternatives are you excluding deliberately?</simpara>
</listitem>
</itemizedlist>

</sidebar>

<sidebar role="arc42help">
<title>Decision</title>
<itemizedlist>
<listitem>
<simpara>Who (if not you) has decided?</simpara>
</listitem>
<listitem>
<simpara>How has the decision been justified?</simpara>
</listitem>
<listitem>
<simpara>When did you decide?</simpara>
</listitem>
</itemizedlist>

</sidebar>

</section>
<section id="_decision_topic_1">
<title>Decision Topic 1</title>
<simpara>+</simpara>
</section>
<section id="_decision_topic_2">
<title>Decision Topic 2</title>
<simpara>+</simpara>
</section>
<section id="_decision_topic_3">
<title>Decision Topic 3</title>
<simpara>+</simpara>
</section>
<section id="__8">
<title>&#8230;</title>
<simpara>+</simpara>
<simpara><?asciidoc-pagebreak?></simpara>

</section>
</chapter>
<chapter id="section-quality-scenarios">
<title>Quality Scenarios</title>
<sidebar role="arc42help">
<simpara>This chapter summarizes all you (or other stakeholders) might need to systematically evaluate the architecture against the quality requirements.</simpara>
<simpara>It contains:</simpara>
<itemizedlist>
<listitem>
<simpara>Quality Tree (sometimes called utility tree), an overview of the quality requirements</simpara>
</listitem>
<listitem>
<simpara>Evaluation or quality scenarios - detailed descriptions of the quality requirements or goals.</simpara>
</listitem>
</itemizedlist>

</sidebar>

<section id="_quality_tree">
<title>Quality Tree</title>
<sidebar role="arc42help">
<formalpara>
<title>Content</title>
<para>The quality tree (as defined in ATAM – Architecture Tradeoff Analysis Method) with quality/evaluation scenarios as leafs.</para>
</formalpara>
<formalpara>
<title>Motivation</title>
<para>When you want to evaluate the quality (especially risks to certain quality attributes) with methods like ATAM, you need to systematically refine your quality goals (from chapter 1.2). The quality tree shows the top-down refinement of the stakeholder-specific notion of quality.</para>
</formalpara>
<formalpara>
<title>Form</title>
<para>We personally prefer mind maps to a pure tree-like structure, as mind maps allow arbitrary cross-references between scenarios, attributes and intermediate nodes.
Often it is difficult to assign scenarios to single quality attributes, as the scenario refers to several qualities at once. Simply draw references from such scenarios to all affected nodes!</para>
</formalpara>
</sidebar>

</section>
<section id="_evaluation_scenarios">
<title>Evaluation Scenarios</title>
<sidebar role="arc42help">
<formalpara>
<title>Contents</title>
<para>Scenarios describe a system’s reaction to a stimulus in a certain situation. They thus characterize the interaction between stakeholders and the system. Scenarios operationalize quality criteria and turn them into measurable quantities.</para>
</formalpara>
<simpara>Two scenarios are relevant for most software architects:</simpara>
<itemizedlist>
<listitem>
<simpara>Usage scenarios (also called application scenarios or use case scenarios) the system’s runtime reaction to a certain stimulus. This also includes scenarios that describe the system’s efficiency or performance. Example: The system reacts to a user’s request within one second.</simpara>
</listitem>
<listitem>
<simpara>Change scenarios describe a modification of the system or of its immediate environment. Example: Additional  functionality is implemented or requirements for a quality attribute change.</simpara>
</listitem>
</itemizedlist>

<simpara>If you design safety critical systems a third type of scenarios is important for you:</simpara>
<itemizedlist>
<listitem>
<simpara>Boundary or stress scenarios describe how the system reacts to exceptional conditions. Examples: How does the system react to a complete power outage, a serious hardware failure, etc.</simpara>
</listitem>
</itemizedlist>

<figure>
<title>Schematic depiction of scenarios (cf. [Bass+03])</title>
  <mediaobject>
    <imageobject>
      <imagedata fileref="images/sections/images/10_stimulus.png" contentwidth="500"/>
    </imageobject>
    <textobject><phrase>Schematic depiction of scenarios</phrase></textobject>
  </mediaobject>
</figure>

<simpara>Scenarios comprise the following major parts (according to [Starke05], original structure from [Bass+03]):</simpara>
<itemizedlist>
<listitem>
<simpara>Stimulus: Describes a specific interaction between the (stimulating) stakeholder and the system. Example: A user calls a functions, a developer implements an extension, an administrator installs or configures the system.</simpara>
</listitem>
<listitem>
<simpara>Source of the stimulus: Describes where the stimulus comes from. Examples: internal or external, user, operator, attacker, manager.</simpara>
</listitem>
<listitem>
<simpara>Environment: Describes the system’s state at the time of arrival of the stimulus. This should list all preconditions that are necessary for comprehension of the scenario. Examples: Is the system under normal or maximal load? Is the data base available or down? Are any users online?</simpara>
</listitem>
<listitem>
<simpara>System artifact: Describes the part of the system is affected by the stimulus. Examples: The whole system, the data base, the web server.</simpara>
</listitem>
<listitem>
<simpara>System response: Describes the system’s reaction to the stimulus as determined by the architecture. Examples: Is the function called by the user executed. How long does the developer need for implementation? Which parts of the system are affected by the installation/configuration?</simpara>
</listitem>
<listitem>
<simpara>Response measure: Describes how the response can be measured or evaluated. Examples: Downtime in hours, correctness yes/no, time for code change in person days, reaction time in seconds.</simpara>
</listitem>
</itemizedlist>

<formalpara>
<title>Motivation</title>
<para>You need scenarios for the evaluation and review of architectures. They take the role of a “benchmark” and aid in measuring the architecture’s achievement of its objectives regarding the non-functional requirements and quality attributes.</para>
</formalpara>
<formalpara>
<title>Form</title>
<para>Tabular or free text. Explicitly highlight the scenario’s elements (source, environment, artifact, response, measure).
Alternatively, use similar notations as those suggested in [Runtime View].</para>
</formalpara>
<formalpara>
<title>Background Information</title>
<para>There are relations between scenarios and the runtime view. Often you can use scenarios of the runtime view fully or as a basis for evaluation. Evaluation scenarios additionally contain response measures that are often not considered in the pure execution focus of runtime scenarios.</para>
</formalpara>
</sidebar>

<simpara><?asciidoc-pagebreak?></simpara>

</section>
</chapter>
<chapter id="section-technical-risks">
<title>Technical Risks</title>
<sidebar role="arc42help">
<formalpara>
<title>Contents</title>
<para>A list of identified technical risks, ordered by priority</para>
</formalpara>
<formalpara>
<title>Motivation</title>
<para>“Risk management is project management for grown-ups” (Tim Lister, Atlantic Systems Guild.) This should be your  motto for systematic detection and evaluation of technical risks in the architecture, which will be needed by project management as part of the overall risk analysis.</para>
</formalpara>
<formalpara>
<title>Form</title>
<para>List of risks with probability of occurrence, amount of damage, options for risk avoidance or risk mitigation, &#8230;</para>
</formalpara>
</sidebar>

<simpara><?asciidoc-pagebreak?></simpara>

</chapter>
<chapter id="section-glossary">
<title>Glossary</title>
<sidebar role="arc42help">
<formalpara>
<title>Contents</title>
<para>The most important terms of the software architecture in alphabetic order.</para>
</formalpara>
<formalpara>
<title>Motivation</title>
<para>It should not be necessary to explain the usefulness of a glossary …</para>
</formalpara>
<formalpara>
<title>Form</title>
<para>A simple table with columns &lt;Term&gt; and &lt;Definition&gt;</para>
</formalpara>
</sidebar>

<informaltable frame="all"
    rowsep="1" colsep="1">
  
  <tgroup cols="4">
    
    <colspec colname="col_1" colwidth="25*"/>
    
    <colspec colname="col_2" colwidth="25*"/>
    
    <colspec colname="col_3" colwidth="25*"/>
    
    <colspec colname="col_4" colwidth="25*"/>
    
    
    <thead>
      
      <row>
        
        <entry align="left" valign="top">Glossary</entry>
        
        <entry align="left" valign="top"></entry>
        
        <entry align="left" valign="top"></entry>
        
        <entry align="left" valign="top"></entry>
        
      </row>
      
    </thead>
    
    <tbody>
      
      <row>
        
        <entry align="left" valign="top"><simpara>Term</simpara></entry>
        
        <entry align="left" valign="top"><simpara>Synonym</simpara></entry>
        
        <entry align="left" valign="top"><simpara>Description</simpara></entry>
        
        <entry align="left" valign="top"></entry>
        
      </row>
      
      <row>
        
        <entry align="left" valign="top"><simpara>Term</simpara></entry>
        
        <entry align="left" valign="top"><simpara>Synonym</simpara></entry>
        
        <entry align="left" valign="top"><simpara>Description</simpara></entry>
        
        <entry align="left" valign="top"></entry>
        
      </row>
      
    </tbody>
    
  </tgroup>
</informaltable>

<simpara><?asciidoc-pagebreak?></simpara>

</chapter>
<appendix id="bibliography">
<title>Literature and references</title>
<variablelist>
<varlistentry>
<term>Starke-2014</term>
<listitem>
<simpara>Gernot Starke: Effektive Softwarearchitekturen -
Ein praktischer Leitfaden. Carl Hanser Verlag, 6, Auflage 2014.</simpara>
</listitem>
</varlistentry>
<varlistentry>
<term>Starke-Hruschka-2011</term>
<listitem>
<simpara>Gernot Starke und Peter Hruschka: Softwarearchitektur
kompakt. Springer Akademischer Verlag, 2. Auflage 2011.</simpara>
</listitem>
</varlistentry>
<varlistentry>
<term>Zörner-2013</term>
<listitem>
<simpara>Softwarearchitekturen dokumentieren und kommunizieren, Carl Hanser Verlag, 2012</simpara>
</listitem>
</varlistentry>
</variablelist>

<simpara><?asciidoc-pagebreak?></simpara>

</appendix>
<appendix id="_examples">
<title>Examples</title>
<itemizedlist>
<listitem>
<simpara>DocChess</simpara>
</listitem>
<listitem>
<simpara>Gradle</simpara>
</listitem>
<listitem>
<simpara>MaMa CRM</simpara>
</listitem>
<listitem>
<simpara>Financial Data Migration</simpara>
</listitem>
</itemizedlist>

<simpara><?asciidoc-pagebreak?></simpara>

</appendix>
<appendix id="contributions">
<title>Acknowledgements and collaborations</title>
<simpara>arc42 originally envisioned by
<ulink url="http://b-agile.de">Dr. Peter Hruschka</ulink> and
<ulink url="http://gernotstarke.de">Dr. Gernot Starke</ulink>.</simpara>
<variablelist>
<varlistentry>
<term>Sources</term>
<listitem>
<simpara>We maintain arc42 in <emphasis>asciidoc</emphasis> format at the moment, hosted in
<ulink url="https://github.com/aim42/aim42">GitHub under the aim42-Organisation</ulink>.</simpara>
</listitem>
</varlistentry>
<varlistentry>
<term>Issues</term>
<listitem>
<simpara>We maintain a list of
<ulink url="https://github.com/arc42/arc42-template/issues">open topics and bugs</ulink>.</simpara>
</listitem>
</varlistentry>
</variablelist>

<simpara>We are looking forward to your corrections and clarifications! Please fork
the repository mentioned over this lines and send us a <emphasis>pull request</emphasis>!</simpara>
<section id="_collaborators">
<title>Collaborators</title>
<simpara>We are very thankful and acknowledge the support and help provided
by all active and former collaborators, uncountable (anonymous) advisors,
bug finders and users of this method.</simpara>
<section id="_currently_active">
<title>Currently active</title>
<itemizedlist>
<listitem>
<simpara>Gernot Starke</simpara>
</listitem>
<listitem>
<simpara>Stefan Zörner</simpara>
</listitem>
<listitem>
<simpara>Markus Schärtel</simpara>
</listitem>
<listitem>
<simpara>Ralf D. Müller</simpara>
</listitem>
<listitem>
<simpara>Peter Hruschka</simpara>
</listitem>
<listitem>
<simpara>Jürgen Krey</simpara>
</listitem>
</itemizedlist>

</section>
<section id="_former_collaborators">
<title>Former collaborators</title>
<simpara>(in alphabetical order)</simpara>
<itemizedlist>
<listitem>
<simpara>Anne Aloysius</simpara>
</listitem>
<listitem>
<simpara>Matthias Bohlen</simpara>
</listitem>
<listitem>
<simpara>Karl Eilebrecht</simpara>
</listitem>
<listitem>
<simpara>Manfred Ferken</simpara>
</listitem>
<listitem>
<simpara>Phillip Ghadir</simpara>
</listitem>
<listitem>
<simpara>Carsten Klein</simpara>
</listitem>
<listitem>
<simpara>Prof. Arne Koschel</simpara>
</listitem>
<listitem>
<simpara>Axel Scheithauer</simpara>
</listitem>
</itemizedlist>

<simpara><?asciidoc-pagebreak?></simpara>

</section>
</section>
</appendix>
<appendix id="_approved_practitioner_for_arc42">
<title>Approved Practitioner for arc42</title>
<simpara>(TODO)</simpara>
</appendix>
</book>